,date,method,class_1,class_2,class_3,class_4
1,7/27/2020,Fixed (20),0,5,60,42
2,7/27/2020,Fixed (4),0,19,20,42
3,7/27/2020,Hist Prev (20),0,24,15,43
4,7/27/2020,Hist Prev (4),0,24,15,43
5,7/27/2020,Individual,0,0,0,115
6,7/27/2020,PET (20),7,12,18,42
7,7/27/2020,PET (4),7,12,18,42
8,7/27/2020,tOPS,0,16,23,43
9,7/28/2020,Fixed (20),0,7,40,25
10,7/28/2020,Fixed (4),0,33,8,26
11,7/28/2020,Hist Prev (20),0,27,10,25
12,7/28/2020,Hist Prev (4),0,33,8,26
13,7/28/2020,Individual,0,0,0,158
14,7/28/2020,PET (20),12,4,20,25
15,7/28/2020,PET (4),12,24,8,26
16,7/28/2020,tOPS,0,15,18,25
17,7/29/2020,Fixed (20),0,22,260,21
18,7/29/2020,Fixed (4),0,110,72,21
19,7/29/2020,Hist Prev (20),0,95,82,21
20,7/29/2020,Hist Prev (4),0,110,72,21
21,7/29/2020,Individual,0,0,0,461
22,7/29/2020,PET (20),37,58,90,20
23,7/29/2020,PET (4),37,81,68,20
24,7/29/2020,tOPS,0,78,100,21
25,7/30/2020,Fixed (20),0,3,24,30
26,7/30/2020,Fixed (4),0,11,8,30
27,7/30/2020,Hist Prev (20),0,9,10,30
28,7/30/2020,Hist Prev (4),0,11,8,30
29,7/30/2020,Individual,0,0,0,74
30,7/30/2020,PET (20),4,1,7,30
31,7/30/2020,PET (4),4,8,7,30
32,7/30/2020,tOPS,0,9,10,30
33,7/31/2020,Fixed (20),0,10,155,4
34,7/31/2020,Fixed (4),0,49,48,4
35,7/31/2020,Hist Prev (20),0,28,76,4
36,7/31/2020,Hist Prev (4),0,49,48,4
37,7/31/2020,Individual,0,0,0,199
38,7/31/2020,PET (20),17,28,49,4
39,7/31/2020,PET (4),17,36,45,4
40,7/31/2020,tOPS,0,39,60,4
41,8/3/2020,Fixed (20),0,6,103,7
42,8/3/2020,Fixed (4),0,26,71,7
43,8/3/2020,Hist Prev (20),0,17,84,8
44,8/3/2020,Hist Prev (4),0,26,71,7
45,8/3/2020,Individual,0,0,0,110
46,8/3/2020,PET (20),9,25,60,8
47,8/3/2020,PET (4),9,25,60,8
48,8/3/2020,tOPS,0,26,71,7
49,8/4/2020,Fixed (20),0,27,294,39
50,8/4/2020,Fixed (4),0,128,84,39
51,8/4/2020,Hist Prev (20),0,138,88,39
52,8/4/2020,Hist Prev (4),0,149,77,39
53,8/4/2020,Individual,0,0,0,548
54,8/4/2020,PET (20),44,66,108,39
55,8/4/2020,PET (4),44,93,79,39
56,8/4/2020,tOPS,0,65,150,39
57,8/5/2020,Fixed (20),0,8,140,38
58,8/5/2020,Fixed (4),0,39,60,38
59,8/5/2020,Hist Prev (20),0,31,70,39
60,8/5/2020,Hist Prev (4),0,39,60,38
61,8/5/2020,Individual,0,0,0,194
62,8/5/2020,PET (20),13,29,56,39
63,8/5/2020,PET (4),13,29,54,39
64,8/5/2020,tOPS,0,39,60,38
65,8/6/2020,Fixed (20),0,8,80,40
66,8/6/2020,Fixed (4),0,40,24,40
67,8/6/2020,Hist Prev (20),0,53,18,40
68,8/6/2020,Hist Prev (4),0,53,18,40
69,8/6/2020,Individual,0,0,0,198
70,8/6/2020,PET (20),14,23,26,40
71,8/6/2020,PET (4),14,29,22,40
72,8/6/2020,tOPS,0,27,36,40
73,8/7/2020,Fixed (20),0,11,60,31
74,8/7/2020,Fixed (4),0,49,16,32
75,8/7/2020,Hist Prev (20),0,39,20,31
76,8/7/2020,Hist Prev (4),0,49,16,32
77,8/7/2020,Individual,0,0,0,228
78,8/7/2020,PET (20),17,19,24,31
79,8/7/2020,PET (4),17,36,15,31
80,8/7/2020,tOPS,0,27,28,31
81,8/10/2020,Fixed (20),0,23,229,120
82,8/10/2020,Fixed (4),0,110,104,121
83,8/10/2020,Hist Prev (20),0,138,99,120
84,8/10/2020,Hist Prev (4),0,141,94,121
85,8/10/2020,Individual,0,0,0,560
86,8/10/2020,PET (20),37,39,69,171
87,8/10/2020,PET (4),37,69,55,171
88,8/10/2020,tOPS,0,47,72,189
89,8/11/2020,Fixed (20),0,21,280,50
90,8/11/2020,Fixed (4),0,98,112,50
91,8/11/2020,Hist Prev (20),0,80,120,50
92,8/11/2020,Hist Prev (4),0,98,112,50
93,8/11/2020,Individual,0,0,0,440
94,8/11/2020,PET (20),33,56,121,50
95,8/11/2020,PET (4),33,72,104,50
96,8/11/2020,tOPS,0,81,119,50
97,8/12/2020,Fixed (20),0,5,60,110
98,8/12/2020,Fixed (4),0,23,20,110
99,8/12/2020,Hist Prev (20),0,21,20,110
100,8/12/2020,Hist Prev (4),0,23,20,110
101,8/12/2020,Individual,0,0,0,200
102,8/12/2020,PET (20),8,12,15,111
103,8/12/2020,PET (4),8,16,15,112
104,8/12/2020,tOPS,0,14,20,110
105,8/13/2020,Fixed (20),0,18,119,91
106,8/13/2020,Fixed (4),0,88,28,91
107,8/13/2020,Hist Prev (20),0,64,33,91
108,8/13/2020,Hist Prev (4),0,88,28,91
109,8/13/2020,Individual,0,0,0,440
110,8/13/2020,PET (20),30,25,51,91
111,8/13/2020,PET (4),30,64,26,92
112,8/13/2020,tOPS,0,43,50,91
113,8/14/2020,Fixed (20),0,45,417,85
114,8/14/2020,Fixed (4),0,219,140,86
115,8/14/2020,Hist Prev (20),0,157,162,86
116,8/14/2020,Hist Prev (4),0,219,140,86
117,8/14/2020,Individual,0,0,0,960
118,8/14/2020,PET (20),74,85,155,86
119,8/14/2020,PET (4),74,162,125,87
120,8/14/2020,tOPS,0,115,204,86
121,8/15/2020,Fixed (20),0,33,0,0
122,8/15/2020,Fixed (4),0,160,0,1
123,8/15/2020,Hist Prev (20),0,74,0,0
124,8/15/2020,Hist Prev (4),0,160,0,1
125,8/15/2020,Individual,0,0,0,640
126,8/15/2020,PET (20),55,23,0,0
127,8/15/2020,PET (4),55,118,0,0
128,8/15/2020,tOPS,0,33,0,0
129,8/16/2020,Fixed (20),0,46,40,3
130,8/16/2020,Fixed (4),0,229,8,4
131,8/16/2020,Hist Prev (20),0,84,22,3
132,8/16/2020,Hist Prev (4),0,229,8,4
133,8/16/2020,Individual,0,0,0,920
134,8/16/2020,PET (20),77,34,40,3
135,8/16/2020,PET (4),77,171,8,3
136,8/16/2020,tOPS,0,46,40,3
137,8/17/2020,Fixed (20),0,38,20,1
138,8/17/2020,Fixed (4),0,190,4,1
139,8/17/2020,Hist Prev (20),0,70,12,1
140,8/17/2020,Hist Prev (4),0,190,4,1
141,8/17/2020,Individual,0,0,0,760
142,8/17/2020,PET (20),64,27,20,1
143,8/17/2020,PET (4),64,141,4,1
144,8/17/2020,tOPS,0,38,20,1
145,8/18/2020,Fixed (20),0,59,400,48
146,8/18/2020,Fixed (4),0,288,96,48
147,8/18/2020,Hist Prev (20),0,95,280,48
148,8/18/2020,Hist Prev (4),0,288,96,48
149,8/18/2020,Individual,0,0,0,1200
150,8/18/2020,PET (20),97,103,153.5,48
151,8/18/2020,PET (4),97,214,88,48
152,8/18/2020,tOPS,0,99,258,48
153,8/19/2020,Fixed (20),0,47,100,80
154,8/19/2020,Fixed (4),0,230,20,81
155,8/19/2020,Hist Prev (20),0,91,51,80
156,8/19/2020,Hist Prev (4),0,230,20,81
157,8/19/2020,Individual,0,0,0,1000
158,8/19/2020,PET (20),78,42,53,80
159,8/19/2020,PET (4),78,171,19,80
160,8/19/2020,tOPS,0,55,78,80
161,8/20/2020,Fixed (20),0,70,367,7
162,8/20/2020,Fixed (4),0,339,139,7
163,8/20/2020,Hist Prev (20),0,121,255,7
164,8/20/2020,Hist Prev (4),0,339,139,7
165,8/20/2020,Individual,0,0,0,1360
166,8/20/2020,PET (20),114,112,197,8
167,8/20/2020,PET (4),114,260,118,9
168,8/20/2020,tOPS,0,127,246,8
169,8/21/2020,Fixed (20),0,60,360,17
170,8/21/2020,Fixed (4),0,296,100,18
171,8/21/2020,Hist Prev (20),0,109,216,18
172,8/21/2020,Hist Prev (4),0,296,100,18
173,8/21/2020,Individual,0,0,0,1200
174,8/21/2020,PET (20),100,103,145,18
175,8/21/2020,PET (4),100,220,93,18
176,8/21/2020,tOPS,0,122,192,18
177,8/22/2020,Fixed (20),0,48,443,26
178,8/22/2020,Fixed (4),0,234,139,26
179,8/22/2020,Hist Prev (20),0,75,347,26
180,8/22/2020,Hist Prev (4),0,234,139,26
181,8/22/2020,Individual,0,0,0,960
182,8/22/2020,PET (20),79,95,149,57
183,8/22/2020,PET (4),79,166,106,57
184,8/22/2020,tOPS,0,81,253,69
185,8/23/2020,Fixed (20),0,34,20,18
186,8/23/2020,Fixed (4),0,166,4,18
187,8/23/2020,Hist Prev (20),0,51,13,18
188,8/23/2020,Hist Prev (4),0,166,4,18
189,8/23/2020,Individual,0,0,0,680
190,8/23/2020,PET (20),56,24,20,18
191,8/23/2020,PET (4),56,123,4,18
192,8/23/2020,tOPS,0,34,20,18
193,8/24/2020,Fixed (20),0,14,120,40
194,8/24/2020,Fixed (4),0,70,28,40
195,8/24/2020,Hist Prev (20),0,20,84,40
196,8/24/2020,Hist Prev (4),0,70,28,40
197,8/24/2020,Individual,0,0,0,320
198,8/24/2020,PET (20),24,29,41,40
199,8/24/2020,PET (4),24,52,26,40
200,8/24/2020,tOPS,0,35,56,40
201,8/25/2020,Fixed (20),0,27,352,5
202,8/25/2020,Fixed (4),0,129,136,5
203,8/25/2020,Hist Prev (20),0,69,232,5
204,8/25/2020,Hist Prev (4),0,129,136,5
205,8/25/2020,Individual,0,0,0,520
206,8/25/2020,PET (20),44,86,135,5
207,8/25/2020,PET (4),44,104,123,5
208,8/25/2020,tOPS,0,98,161,5
209,8/26/2020,Fixed (20),0,6,120,73
210,8/26/2020,Fixed (4),0,30,52,73
211,8/26/2020,Hist Prev (20),0,17,84,73
212,8/26/2020,Hist Prev (4),0,30,52,73
213,8/26/2020,Individual,0,0,0,193
214,8/26/2020,PET (20),11,21,47,73
215,8/26/2020,PET (4),11,21,45,73
216,8/26/2020,tOPS,0,30,52,73
217,8/27/2020,Fixed (20),0,29,539,202
218,8/27/2020,Fixed (4),0,136,270,203
219,8/27/2020,Hist Prev (20),0,69,408,203
220,8/27/2020,Hist Prev (4),0,136,270,203
221,8/27/2020,Individual,0,0,0,744
222,8/27/2020,PET (20),46,128,226.5,203
223,8/27/2020,PET (4),46,128,224,203
224,8/27/2020,tOPS,0,170,228,203
225,8/28/2020,Fixed (20),0,12,191,163
226,8/28/2020,Fixed (4),0,58,75,163
227,8/28/2020,Hist Prev (20),0,44,100,163
228,8/28/2020,Hist Prev (4),0,58,75,163
229,8/28/2020,Individual,0,0,0,394
230,8/28/2020,PET (20),21,37,68,163
231,8/28/2020,PET (4),21,42,66,163
232,8/28/2020,tOPS,0,52,77,163
233,8/31/2020,Fixed (20),0,2,38,261
234,8/31/2020,Fixed (4),0,10,16,261
235,8/31/2020,Hist Prev (20),0,10,16,261
236,8/31/2020,Hist Prev (4),0,10,16,261
237,8/31/2020,Individual,0,0,0,299
238,8/31/2020,PET (20),4,6,15,261
239,8/31/2020,PET (4),4,6,15,261
240,8/31/2020,tOPS,0,10,16,261
241,9/1/2020,Fixed (20),0,9,154,273
242,9/1/2020,Fixed (4),0,44,64,273
243,9/1/2020,Hist Prev (20),0,25,97,273
244,9/1/2020,Hist Prev (4),0,44,64,273
245,9/1/2020,Individual,0,0,0,447
246,9/1/2020,PET (20),15,32,60,274
247,9/1/2020,PET (4),15,32,59,274
248,9/1/2020,tOPS,0,44,64,273
249,9/2/2020,Fixed (20),0,26,476,293
250,9/2/2020,Fixed (4),0,123,251,294
251,9/2/2020,Hist Prev (20),0,91,310,293
252,9/2/2020,Hist Prev (4),0,123,251,294
253,9/2/2020,Individual,0,0,0,784
254,9/2/2020,PET (20),42,114,214,295
255,9/2/2020,PET (4),42,114,209,295
256,9/2/2020,tOPS,0,143,225,293
257,9/3/2020,Fixed (20),0,15,257,216
258,9/3/2020,Fixed (4),0,71,124,218
259,9/3/2020,Hist Prev (20),0,58,145,217
260,9/3/2020,Hist Prev (4),0,71,124,218
261,9/3/2020,Individual,0,0,0,502
262,9/3/2020,PET (20),25,57,109,217
263,9/3/2020,PET (4),25,62,106,217
264,9/3/2020,tOPS,0,78,113,217
265,9/4/2020,Fixed (20),0,8,106,307
266,9/4/2020,Fixed (4),0,37,32,307
267,9/4/2020,Hist Prev (20),0,37,32,307
268,9/4/2020,Hist Prev (4),0,37,32,307
269,9/4/2020,Individual,0,0,0,453
270,9/4/2020,PET (20),13,21,36,307
271,9/4/2020,PET (4),13,26,31,307
272,9/4/2020,tOPS,0,29,40,308
273,9/8/2020,Fixed (20),0,39,540,202
274,9/8/2020,Fixed (4),0,187,208,204
275,9/8/2020,Hist Prev (20),0,162,242,204
276,9/8/2020,Hist Prev (4),0,189,208,204
277,9/8/2020,Individual,0,0,0,952
278,9/8/2020,PET (20),64,119,202,203
279,9/8/2020,PET (4),64,139,193,204
280,9/8/2020,tOPS,0,158,223,202
281,9/9/2020,Fixed (20),0,31,484,274
282,9/9/2020,Fixed (4),0,150,184,274
283,9/9/2020,Hist Prev (20),0,128,220,275
284,9/9/2020,Hist Prev (4),0,153,184,275
285,9/9/2020,Individual,0,0,0,873
286,9/9/2020,PET (20),53,91,176,274
287,9/9/2020,PET (4),53,109,168,275
288,9/9/2020,tOPS,0,142,184,274
289,9/10/2020,Fixed (20),0,17,183,154
290,9/10/2020,Fixed (4),0,80,75,154
291,9/10/2020,Hist Prev (20),0,68,81,154
292,9/10/2020,Hist Prev (4),0,80,75,154
293,9/10/2020,Individual,0,0,0,471
294,9/10/2020,PET (20),28,40,68,154
295,9/10/2020,PET (4),28,57,65,154
296,9/10/2020,tOPS,0,57,75,154
297,9/11/2020,Fixed (20),0,18,175,118
298,9/11/2020,Fixed (4),0,80,52,118
299,9/11/2020,Hist Prev (20),0,53,93,119
300,9/11/2020,Hist Prev (4),0,80,52,118
301,9/11/2020,Individual,0,0,0,433
302,9/11/2020,PET (20),27,44,59,118
303,9/11/2020,PET (4),27,57,49,118
304,9/11/2020,tOPS,0,49,80,120
305,9/14/2020,Fixed (20),0,6,20,179
306,9/14/2020,Fixed (4),0,27,4,179
307,9/14/2020,Hist Prev (20),0,21,5,180
308,9/14/2020,Hist Prev (4),0,27,4,179
309,9/14/2020,Individual,0,0,0,285
310,9/14/2020,PET (20),9,3,20,179
311,9/14/2020,PET (4),9,19,4,179
312,9/14/2020,tOPS,0,10,11,179
313,9/15/2020,Fixed (20),0,24,334,125
314,9/15/2020,Fixed (4),0,108,116,128
315,9/15/2020,Hist Prev (20),0,90,135,127
316,9/15/2020,Hist Prev (4),0,108,116,128
317,9/15/2020,Individual,0,0,0,558
318,9/15/2020,PET (20),38,69,133,125
319,9/15/2020,PET (4),38,79,109,126
320,9/15/2020,tOPS,0,87,155,126
321,9/16/2020,Fixed (20),0,22,378,113
322,9/16/2020,Fixed (4),0,101,152,115
323,9/16/2020,Hist Prev (20),0,87,171,114
324,9/16/2020,Hist Prev (4),0,101,152,115
325,9/16/2020,Individual,0,0,0,519
326,9/16/2020,PET (20),36,77,140,114
327,9/16/2020,PET (4),36,77,133,114
328,9/16/2020,tOPS,0,92,167,115
329,9/17/2020,Fixed (20),0,23,302,345
330,9/17/2020,Fixed (4),0,107,112,345
331,9/17/2020,Hist Prev (20),0,94,121,345
332,9/17/2020,Hist Prev (4),0,107,112,345
333,9/17/2020,Individual,0,0,0,769
334,9/17/2020,PET (20),36,62,111,346
335,9/17/2020,PET (4),36,77,100,345
336,9/17/2020,tOPS,0,69,156,345
337,9/21/2020,Fixed (20),0,18,200,115
338,9/21/2020,Fixed (4),0,88,52,115
339,9/21/2020,Hist Prev (20),0,71,65,115
340,9/21/2020,Hist Prev (4),0,88,52,115
341,9/21/2020,Individual,0,0,0,467
342,9/21/2020,PET (20),30,43,63,115
343,9/21/2020,PET (4),30,65,50,115
344,9/21/2020,tOPS,0,59,78,115
345,9/22/2020,Fixed (20),0,11,134,153
346,9/22/2020,Fixed (4),0,51,48,153
347,9/22/2020,Hist Prev (20),0,44,54,153
348,9/22/2020,Hist Prev (4),0,51,48,153
349,9/22/2020,Individual,0,0,0,355
350,9/22/2020,PET (20),18,34,47,153
351,9/22/2020,PET (4),18,40,42,154
352,9/22/2020,tOPS,0,31,69,153
353,9/23/2020,Fixed (20),0,17,220,191
354,9/23/2020,Fixed (4),0,73,72,191
355,9/23/2020,Hist Prev (20),0,62,84,192
356,9/23/2020,Hist Prev (4),0,73,72,191
357,9/23/2020,Individual,0,0,0,479
358,9/23/2020,PET (20),26,46,72,191
359,9/23/2020,PET (4),26,52,65,191
360,9/23/2020,tOPS,0,58,90,192
361,9/24/2020,Fixed (20),0,16,196,116
362,9/24/2020,Fixed (4),0,72,80,116
363,9/24/2020,Hist Prev (20),0,65,84,116
364,9/24/2020,Hist Prev (4),0,72,80,116
365,9/24/2020,Individual,0,0,0,401
366,9/24/2020,PET (20),25,46,78,116
367,9/24/2020,PET (4),25,58,69,116
368,9/24/2020,tOPS,0,49,108,116
369,9/25/2020,Fixed (20),0,9,129,171
370,9/25/2020,Fixed (4),0,39,43,172
371,9/25/2020,Hist Prev (20),0,35,44,171
372,9/25/2020,Hist Prev (4),0,39,43,172
373,9/25/2020,Individual,0,0,0,327
374,9/25/2020,PET (20),14,25,40,171
375,9/25/2020,PET (4),14,28,38,173
376,9/25/2020,tOPS,0,29,50,171
377,9/28/2020,Fixed (20),0,14,220,125
378,9/28/2020,Fixed (4),0,66,83,125
379,9/28/2020,Hist Prev (20),0,56,96,125
380,9/28/2020,Hist Prev (4),0,66,83,125
381,9/28/2020,Individual,0,0,0,386
382,9/28/2020,PET (20),23,47,78,126
383,9/28/2020,PET (4),23,47,74,126
384,9/28/2020,tOPS,0,56,96,125
385,9/29/2020,Fixed (20),0,25,135,91
386,9/29/2020,Fixed (4),0,122,36,91
387,9/29/2020,Hist Prev (20),0,109,45,91
388,9/29/2020,Hist Prev (4),0,122,36,91
389,9/29/2020,Individual,0,0,0,578
390,9/29/2020,PET (20),42,39,42,91
391,9/29/2020,PET (4),42,90,33,92
392,9/29/2020,tOPS,0,41,72,91
393,9/30/2020,Fixed (20),0,21,118,111
394,9/30/2020,Fixed (4),0,103,24,111
395,9/30/2020,Hist Prev (20),0,89,28,111
396,9/30/2020,Hist Prev (4),0,103,24,111
397,9/30/2020,Individual,0,0,0,520
398,9/30/2020,PET (20),35,26,50,111
399,9/30/2020,PET (4),35,75,23,111
400,9/30/2020,tOPS,0,33,76,111
401,10/1/2020,Fixed (20),0,17,165,251
402,10/1/2020,Fixed (4),0,77,44,252
403,10/1/2020,Hist Prev (20),0,65,54,251
404,10/1/2020,Hist Prev (4),0,77,44,252
405,10/1/2020,Individual,0,0,0,560
406,10/1/2020,PET (20),27,38,68,251
407,10/1/2020,PET (4),27,56,43,251
408,10/1/2020,tOPS,0,38,86,252
409,10/2/2020,Fixed (20),0,16,207,157
410,10/2/2020,Fixed (4),0,77,60,158
411,10/2/2020,Hist Prev (20),0,67,70,158
412,10/2/2020,Hist Prev (4),0,77,60,158
413,10/2/2020,Individual,0,0,0,464
414,10/2/2020,PET (20),27,41,65,157
415,10/2/2020,PET (4),27,55,56,157
416,10/2/2020,tOPS,0,56,85,157
417,10/5/2020,Fixed (20),0,20,100,159
418,10/5/2020,Fixed (4),0,99,24,159
419,10/5/2020,Hist Prev (20),0,82,30,159
420,10/5/2020,Hist Prev (4),0,99,24,159
421,10/5/2020,Individual,0,0,0,551
422,10/5/2020,PET (20),34,26,43,159
423,10/5/2020,PET (4),34,71,22,159
424,10/5/2020,tOPS,0,46,48,159
425,10/6/2020,Fixed (20),0,25,228,187
426,10/6/2020,Fixed (4),0,122,60,187
427,10/6/2020,Hist Prev (20),0,98,70,187
428,10/6/2020,Hist Prev (4),0,122,60,187
429,10/6/2020,Individual,0,0,0,675
430,10/6/2020,PET (20),41,60,78,187
431,10/6/2020,PET (4),41,91,54,188
432,10/6/2020,tOPS,0,55,117,187
433,10/7/2020,Fixed (20),0,34,360,183
434,10/7/2020,Fixed (4),0,165,96,183
435,10/7/2020,Hist Prev (20),0,132,120,183
436,10/7/2020,Hist Prev (4),0,165,96,183
437,10/7/2020,Individual,0,0,0,840
438,10/7/2020,PET (20),56,76,123,184
439,10/7/2020,PET (4),56,121,90,183
440,10/7/2020,tOPS,0,83,176,183
441,10/8/2020,Fixed (20),0,10,120,284
442,10/8/2020,Fixed (4),0,50,36,284
443,10/8/2020,Hist Prev (20),0,33,48,284
444,10/8/2020,Hist Prev (4),0,50,36,284
445,10/8/2020,Individual,0,0,0,482
446,10/8/2020,PET (20),17,24,42,284
447,10/8/2020,PET (4),17,36,32,284
448,10/8/2020,tOPS,0,33,48,284
449,10/9/2020,Fixed (20),0,16,180,150
450,10/9/2020,Fixed (4),0,72,48,150
451,10/9/2020,Hist Prev (20),0,57,68,150
452,10/9/2020,Hist Prev (4),0,72,48,150
453,10/9/2020,Individual,0,0,0,436
454,10/9/2020,PET (20),25,29,64,150
455,10/9/2020,PET (4),25,52,46,151
456,10/9/2020,tOPS,0,44,76,150
457,10/12/2020,Fixed (20),0,26,120,167
458,10/12/2020,Fixed (4),0,126,28,167
459,10/12/2020,Hist Prev (20),0,84,42,167
460,10/12/2020,Hist Prev (4),0,126,28,167
461,10/12/2020,Individual,0,0,0,671
462,10/12/2020,PET (20),42,42,51,167
463,10/12/2020,PET (4),42,94,26,167
464,10/12/2020,tOPS,0,42,84,167
465,10/14/2020,Fixed (20),0,34,255,129
466,10/14/2020,Fixed (4),0,164,72,130
467,10/14/2020,Hist Prev (20),0,128,83,129
468,10/14/2020,Hist Prev (4),0,164,72,130
469,10/14/2020,Individual,0,0,0,784
470,10/14/2020,PET (20),56,61,111,130
471,10/14/2020,PET (4),56,121,68,130
472,10/14/2020,tOPS,0,64,150,129
473,10/15/2020,Fixed (20),0,10,94,206
474,10/15/2020,Fixed (4),0,49,24,206
475,10/15/2020,Hist Prev (20),0,33,36,206
476,10/15/2020,Hist Prev (4),0,49,24,206
477,10/15/2020,Individual,0,0,0,400
478,10/15/2020,PET (20),17,17,34,206
479,10/15/2020,PET (4),17,35,22,206
480,10/15/2020,tOPS,0,28,42,206
481,10/16/2020,Fixed (20),0,15,175,158
482,10/16/2020,Fixed (4),0,72,48,158
483,10/16/2020,Hist Prev (20),0,57,60,159
484,10/16/2020,Hist Prev (4),0,72,48,158
485,10/16/2020,Individual,0,0,0,445
486,10/16/2020,PET (20),25,31,49,158
487,10/16/2020,PET (4),25,52,43,158
488,10/16/2020,tOPS,0,32,90,158
489,10/19/2020,Fixed (20),0,22,240,89
490,10/19/2020,Fixed (4),0,108,68,90
491,10/19/2020,Hist Prev (20),0,80,92,90
492,10/19/2020,Hist Prev (4),0,108,68,90
493,10/19/2020,Individual,0,0,0,520
494,10/19/2020,PET (20),37,52,83,89
495,10/19/2020,PET (4),37,79,64,89
496,10/19/2020,tOPS,0,67,109,90
497,10/20/2020,Fixed (20),0,27,192,120
498,10/20/2020,Fixed (4),0,130,56,120
499,10/20/2020,Hist Prev (20),0,90,76,120
500,10/20/2020,Hist Prev (4),0,130,56,120
501,10/20/2020,Individual,0,0,0,640
502,10/20/2020,PET (20),44,45,75,120
503,10/20/2020,PET (4),44,96,52,121
504,10/20/2020,tOPS,0,57,106,120
505,10/21/2020,Fixed (20),0,36,96,116
506,10/21/2020,Fixed (4),0,177,24,116
507,10/21/2020,Hist Prev (20),0,135,27,116
508,10/21/2020,Hist Prev (4),0,177,24,116
509,10/21/2020,Individual,0,0,0,823
510,10/21/2020,PET (20),59,34,61,116
511,10/21/2020,PET (4),59,132,23,116
512,10/21/2020,tOPS,0,46,69,116
513,10/22/2020,Fixed (20),0,15,98,129
514,10/22/2020,Fixed (4),0,67,24,131
515,10/22/2020,Hist Prev (20),0,51,31,130
516,10/22/2020,Hist Prev (4),0,67,24,131
517,10/22/2020,Individual,0,0,0,397
518,10/22/2020,PET (20),23,19,44,129
519,10/22/2020,PET (4),23,49,22,130
520,10/22/2020,tOPS,0,32,54,130
521,10/23/2020,Fixed (20),0,19,253,199
522,10/23/2020,Fixed (4),0,89,87,200
523,10/23/2020,Hist Prev (20),0,67,104,200
524,10/23/2020,Hist Prev (4),0,89,87,200
525,10/23/2020,Individual,0,0,0,555
526,10/23/2020,PET (20),30,62,88,199
527,10/23/2020,PET (4),30,72,77,200
528,10/23/2020,tOPS,0,53,127,200
529,10/26/2020,Fixed (20),0,3,48,126
530,10/26/2020,Fixed (4),0,12,40,126
531,10/26/2020,Hist Prev (20),0,12,40,126
532,10/26/2020,Hist Prev (4),0,12,40,126
533,10/26/2020,Individual,0,0,0,174
534,10/26/2020,PET (20),4,0,12,162
535,10/26/2020,PET (4),4,0,12,162
536,10/26/2020,tOPS,0,16,33,126
537,10/27/2020,Fixed (20),0,13,80,134
538,10/27/2020,Fixed (4),0,57,24,135
539,10/27/2020,Hist Prev (20),0,42,28,135
540,10/27/2020,Hist Prev (4),0,57,24,135
541,10/27/2020,Individual,0,0,0,361
542,10/27/2020,PET (20),20,14,35,135
543,10/27/2020,PET (4),20,41,20,135
544,10/27/2020,tOPS,0,21,56,135
545,10/28/2020,Fixed (20),0,14,220,174
546,10/28/2020,Fixed (4),0,62,87,175
547,10/28/2020,Hist Prev (20),0,60,91,175
548,10/28/2020,Hist Prev (4),0,62,87,175
549,10/28/2020,Individual,0,0,0,422
550,10/28/2020,PET (20),23,44,80,175
551,10/28/2020,PET (4),23,44,77,175
552,10/28/2020,tOPS,0,49,108,174
553,10/29/2020,Fixed (20),0,0,0,175
554,10/29/2020,Fixed (4),0,0,0,175
555,10/29/2020,Hist Prev (20),0,0,0,175
556,10/29/2020,Hist Prev (4),0,0,0,175
557,10/29/2020,Individual,0,0,0,175
558,10/29/2020,PET (20),0,0,0,175
559,10/29/2020,PET (4),0,0,0,175
560,10/29/2020,tOPS,0,0,0,175
561,10/30/2020,Fixed (20),0,21,120,176
562,10/30/2020,Fixed (4),0,102,24,176
563,10/30/2020,Hist Prev (20),0,74,34,176
564,10/30/2020,Hist Prev (4),0,102,24,176
565,10/30/2020,Individual,0,0,0,583
566,10/30/2020,PET (20),35,27,63,176
567,10/30/2020,PET (4),35,75,23,178
568,10/30/2020,tOPS,0,39,64,176
569,11/2/2020,Fixed (20),0,4,60,188
570,11/2/2020,Fixed (4),0,18,20,188
571,11/2/2020,Hist Prev (20),0,18,20,188
572,11/2/2020,Hist Prev (4),0,18,20,188
573,11/2/2020,Individual,0,0,0,260
574,11/2/2020,PET (20),6,10,22,188
575,11/2/2020,PET (4),6,13,19,188
576,11/2/2020,tOPS,0,15,25,188
577,11/3/2020,Fixed (20),0,8,0,109
578,11/3/2020,Fixed (4),0,37,0,110
579,11/3/2020,Hist Prev (20),0,33,0,109
580,11/3/2020,Hist Prev (4),0,37,0,110
581,11/3/2020,Individual,0,0,0,257
582,11/3/2020,PET (20),13,4,0,109
583,11/3/2020,PET (4),13,26,0,109
584,11/3/2020,tOPS,0,8,0,109
585,11/4/2020,Fixed (20),0,2,34,129
586,11/4/2020,Fixed (4),0,9,16,129
587,11/4/2020,Hist Prev (20),0,9,16,129
588,11/4/2020,Hist Prev (4),0,9,16,129
589,11/4/2020,Individual,0,0,0,163
590,11/4/2020,PET (20),3,6,15,130
591,11/4/2020,PET (4),3,6,15,130
592,11/4/2020,tOPS,0,9,16,129
593,11/5/2020,Fixed (20),0,4,53,241
594,11/5/2020,Fixed (4),0,18,16,242
595,11/5/2020,Hist Prev (20),0,18,16,242
596,11/5/2020,Hist Prev (4),0,18,16,242
597,11/5/2020,Individual,0,0,0,314
598,11/5/2020,PET (20),7,10,18,241
599,11/5/2020,PET (4),7,13,15,241
600,11/5/2020,tOPS,0,11,24,241
601,11/6/2020,Fixed (20),0,23,163,161
602,11/6/2020,Fixed (4),0,109,44,161
603,11/6/2020,Hist Prev (20),0,81,52,161
604,11/6/2020,Hist Prev (4),0,109,44,161
605,11/6/2020,Individual,0,0,0,594
606,11/6/2020,PET (20),38,39,62,162
607,11/6/2020,PET (4),38,78,40,161
608,11/6/2020,tOPS,0,53,75,161
609,11/9/2020,Fixed (20),0,3,40,167
610,11/9/2020,Fixed (4),0,13,12,168
611,11/9/2020,Hist Prev (20),0,13,12,168
612,11/9/2020,Hist Prev (4),0,13,12,168
613,11/9/2020,Individual,0,0,0,220
614,11/9/2020,PET (20),5,9,11,167
615,11/9/2020,PET (4),5,9,11,167
616,11/9/2020,tOPS,0,11,15,167
617,11/10/2020,Fixed (20),0,7,113,203
618,11/10/2020,Fixed (4),0,29,64,204
619,11/10/2020,Hist Prev (20),0,27,70,203
620,11/10/2020,Hist Prev (4),0,29,64,204
621,11/10/2020,Individual,0,0,0,318
622,11/10/2020,PET (20),10,26,57,204
623,11/10/2020,PET (4),10,26,54,204
624,11/10/2020,tOPS,0,33,60,204
625,11/11/2020,Fixed (20),0,4,60,197
626,11/11/2020,Fixed (4),0,17,20,197
627,11/11/2020,Hist Prev (20),0,17,20,197
628,11/11/2020,Hist Prev (4),0,17,20,197
629,11/11/2020,Individual,0,0,0,265
630,11/11/2020,PET (20),6,10,22,197
631,11/11/2020,PET (4),6,12,19,197
632,11/11/2020,tOPS,0,10,33,197
633,11/12/2020,Fixed (20),0,4,40,249
634,11/12/2020,Fixed (4),0,16,12,250
635,11/12/2020,Hist Prev (20),0,16,12,250
636,11/12/2020,Hist Prev (4),0,16,12,250
637,11/12/2020,Individual,0,0,0,314
638,11/12/2020,PET (20),6,9,13,249
639,11/12/2020,PET (4),6,11,11,249
640,11/12/2020,tOPS,0,11,18,249
641,11/13/2020,Fixed (20),0,25,309,92
642,11/13/2020,Fixed (4),0,119,96,94
643,11/13/2020,Hist Prev (20),0,90,123,93
644,11/13/2020,Hist Prev (4),0,119,96,94
645,11/13/2020,Individual,0,0,0,570
646,11/13/2020,PET (20),42,69,103,93
647,11/13/2020,PET (4),42,90,86,94
648,11/13/2020,tOPS,0,80,133,92
649,11/15/2020,Fixed (20),0,6,77,91
650,11/15/2020,Fixed (4),0,29,16,92
651,11/15/2020,Hist Prev (20),0,23,20,91
652,11/15/2020,Hist Prev (4),0,29,16,92
653,11/15/2020,Individual,0,0,0,208
654,11/15/2020,PET (20),11,9,15,91
655,11/15/2020,PET (4),11,21,15,91
656,11/15/2020,tOPS,0,10,51,91
657,11/16/2020,Fixed (20),0,4,60,145
658,11/16/2020,Fixed (4),0,19,20,145
659,11/16/2020,Hist Prev (20),0,19,20,145
660,11/16/2020,Hist Prev (4),0,19,20,145
661,11/16/2020,Individual,0,0,0,221
662,11/16/2020,PET (20),7,13,22,145
663,11/16/2020,PET (4),7,13,19,145
664,11/16/2020,tOPS,0,15,25,146
665,11/17/2020,Fixed (20),0,10,112,276
666,11/17/2020,Fixed (4),0,44,100,276
667,11/17/2020,Hist Prev (20),0,39,100,276
668,11/17/2020,Hist Prev (4),0,44,100,276
669,11/17/2020,Individual,0,0,0,451
670,11/17/2020,PET (20),16,2,24,358
671,11/17/2020,PET (4),16,11,24,359
672,11/17/2020,tOPS,0,4,0,388
673,11/18/2020,Fixed (20),0,10,140,444
674,11/18/2020,Fixed (4),0,43,52,444
675,11/18/2020,Hist Prev (20),0,43,52,444
676,11/18/2020,Hist Prev (4),0,43,52,444
677,11/18/2020,Individual,0,0,0,612
678,11/18/2020,PET (20),15,25,52,444
679,11/18/2020,PET (4),15,30,46.5,445
680,11/18/2020,tOPS,0,39,56,445
681,11/19/2020,Fixed (20),0,7,80,366
682,11/19/2020,Fixed (4),0,32,24,366
683,11/19/2020,Hist Prev (20),0,32,24,366
684,11/19/2020,Hist Prev (4),0,32,24,366
685,11/19/2020,Individual,0,0,0,494
686,11/19/2020,PET (20),12,19,22,365
687,11/19/2020,PET (4),12,22,21,365
688,11/19/2020,tOPS,0,19,30,365
689,11/20/2020,Fixed (20),0,45,420,286
690,11/20/2020,Fixed (4),0,220,196,287
691,11/20/2020,Hist Prev (20),0,171,210,287
692,11/20/2020,Hist Prev (4),0,220,196,287
693,11/20/2020,Individual,0,0,0,1166
694,11/20/2020,PET (20),74,120,192,286
695,11/20/2020,PET (4),74,182,167,286
696,11/20/2020,tOPS,0,144,231,286
697,11/23/2020,Fixed (20),0,6,107,215
698,11/23/2020,Fixed (4),0,27,75,215
699,11/23/2020,Hist Prev (20),0,27,75,215
700,11/23/2020,Hist Prev (4),0,27,75,215
701,11/23/2020,Individual,0,0,0,322
702,11/23/2020,PET (20),9,26,62,215
703,11/23/2020,PET (4),9,26,62,215
704,11/23/2020,tOPS,0,36,62,215
705,11/24/2020,Fixed (20),0,11,99,173
706,11/24/2020,Fixed (4),0,55,51,173
707,11/24/2020,Hist Prev (20),0,43,51,172
708,11/24/2020,Hist Prev (4),0,55,51,173
709,11/24/2020,Individual,0,0,0,392
710,11/24/2020,PET (20),20,28,45,172
711,11/24/2020,PET (4),20,46,45,172
712,11/24/2020,tOPS,0,31,51,173
713,11/25/2020,Fixed (20),0,3,20,81
714,11/25/2020,Fixed (4),0,12,4,82
715,11/25/2020,Hist Prev (20),0,12,4,82
716,11/25/2020,Hist Prev (4),0,12,4,82
717,11/25/2020,Individual,0,0,0,130
718,11/25/2020,PET (20),5,1,3,81
719,11/25/2020,PET (4),5,8,4,81
720,11/25/2020,tOPS,0,6,8,82
721,11/30/2020,Fixed (20),0,2,40,56
722,11/30/2020,Fixed (4),0,10,12,56
723,11/30/2020,Hist Prev (20),0,10,12,56
724,11/30/2020,Hist Prev (4),0,10,12,56
725,11/30/2020,Individual,0,0,0,96
726,11/30/2020,PET (20),4,7,11,56
727,11/30/2020,PET (4),4,7,11,56
728,11/30/2020,tOPS,0,10,12,56
729,12/1/2020,Fixed (20),0,19,136,78
730,12/1/2020,Fixed (4),0,94,56,78
731,12/1/2020,Hist Prev (20),0,69,56,78
732,12/1/2020,Hist Prev (4),0,94,56,78
733,12/1/2020,Individual,0,0,0,454
734,12/1/2020,PET (20),32,34,52,78
735,12/1/2020,PET (4),32,70,51,78
736,12/1/2020,tOPS,0,46,56,78
737,12/2/2020,Fixed (20),0,19,110,59
738,12/2/2020,Fixed (4),0,85,64,60
739,12/2/2020,Hist Prev (20),0,68,64,59
740,12/2/2020,Hist Prev (4),0,85,64,60
741,12/2/2020,Individual,0,0,0,398
742,12/2/2020,PET (20),30,33,53,59
743,12/2/2020,PET (4),30,67,53,59
744,12/2/2020,tOPS,0,41,64,59
745,12/3/2020,Fixed (20),0,9,40,109
746,12/3/2020,Fixed (4),0,40,12,109
747,12/3/2020,Hist Prev (20),0,27,15,109
748,12/3/2020,Hist Prev (4),0,40,12,109
749,12/3/2020,Individual,0,0,0,265
750,12/3/2020,PET (20),14,13,13,109
751,12/3/2020,PET (4),14,28,11,109
752,12/3/2020,tOPS,0,17,18,109
753,12/4/2020,Fixed (20),0,13,180,257
754,12/4/2020,Fixed (4),0,59,64,257
755,12/4/2020,Hist Prev (20),0,47,76,257
756,12/4/2020,Hist Prev (4),0,59,64,257
757,12/4/2020,Individual,0,0,0,493
758,12/4/2020,PET (20),21,35,63,258
759,12/4/2020,PET (4),21,42,56,257
760,12/4/2020,tOPS,0,37,108,257
761,12/5/2020,Fixed (20),0,4,60,95
762,12/5/2020,Fixed (4),0,16,24,96
763,12/5/2020,Hist Prev (20),0,16,24,96
764,12/5/2020,Hist Prev (4),0,16,24,96
765,12/5/2020,Individual,0,0,0,160
766,12/5/2020,PET (20),6,11,23,95
767,12/5/2020,PET (4),6,11,22,95
768,12/5/2020,tOPS,0,16,24,96
769,12/7/2020,Fixed (20),0,4,44,127
770,12/7/2020,Fixed (4),0,16,16,127
771,12/7/2020,Hist Prev (20),0,16,16,127
772,12/7/2020,Hist Prev (4),0,16,16,127
773,12/7/2020,Individual,0,0,0,191
774,12/7/2020,PET (20),6,9,18,128
775,12/7/2020,PET (4),6,11,14,127
776,12/7/2020,tOPS,0,13,19,127
777,12/8/2020,Fixed (20),0,11,100,60
778,12/8/2020,Fixed (4),0,54,39,60
779,12/8/2020,Hist Prev (20),0,43,39,60
780,12/8/2020,Hist Prev (4),0,54,39,60
781,12/8/2020,Individual,0,0,0,273
782,12/8/2020,PET (20),19,24,37,61
783,12/8/2020,PET (4),19,38,34,61
784,12/8/2020,tOPS,0,34,39,60
785,12/9/2020,Fixed (20),0,13,140,144
786,12/9/2020,Fixed (4),0,59,52,144
787,12/9/2020,Hist Prev (20),0,45,58,144
788,12/9/2020,Hist Prev (4),0,59,52,144
789,12/9/2020,Individual,0,0,0,377
790,12/9/2020,PET (20),20,22,59,144
791,12/9/2020,PET (4),20,42,46,144
792,12/9/2020,tOPS,0,33,84,144
793,12/10/2020,Fixed (20),0,15,187,168
794,12/10/2020,Fixed (4),0,67,91,168
795,12/10/2020,Hist Prev (20),0,57,100,168
796,12/10/2020,Hist Prev (4),0,67,91,168
797,12/10/2020,Individual,0,0,0,433
798,12/10/2020,PET (20),24,47,79,168
799,12/10/2020,PET (4),24,57,77,169
800,12/10/2020,tOPS,0,51,97,168
801,12/11/2020,Fixed (20),0,10,40,177
802,12/11/2020,Fixed (4),0,50,8,177
803,12/11/2020,Hist Prev (20),0,37,8,178
804,12/11/2020,Hist Prev (4),0,50,8,177
805,12/11/2020,Individual,0,0,0,377
806,12/11/2020,PET (20),17,6,12,177
807,12/11/2020,PET (4),17,36,7,177
808,12/11/2020,tOPS,0,18,14,177
809,12/13/2020,Fixed (20),0,42,160,150
810,12/13/2020,Fixed (4),0,201,36,150
811,12/13/2020,Hist Prev (20),0,132,63,150
812,12/13/2020,Hist Prev (4),0,201,36,150
813,12/13/2020,Individual,0,0,0,951
814,12/13/2020,PET (20),68,54,60,150
815,12/13/2020,PET (4),68,148,33,151
816,12/13/2020,tOPS,0,75,80,150
817,12/14/2020,Fixed (20),0,5,51,146
818,12/14/2020,Fixed (4),0,22,20,146
819,12/14/2020,Hist Prev (20),0,16,23,146
820,12/14/2020,Hist Prev (4),0,22,20,146
821,12/14/2020,Individual,0,0,0,232
822,12/14/2020,PET (20),8,7,35,146
823,12/14/2020,PET (4),8,15,19,146
824,12/14/2020,tOPS,0,15,24,146
825,12/15/2020,Fixed (20),0,19,200,221
826,12/15/2020,Fixed (4),0,91,82,221
827,12/15/2020,Hist Prev (20),0,68,91,220
828,12/15/2020,Hist Prev (4),0,91,82,221
829,12/15/2020,Individual,0,0,0,583
830,12/15/2020,PET (20),31,55,79,221
831,12/15/2020,PET (4),31,76,71,221
832,12/15/2020,tOPS,0,67,90,222
833,12/16/2020,Fixed (20),0,9,93,190
834,12/16/2020,Fixed (4),0,43,40,191
835,12/16/2020,Hist Prev (20),0,33,43,190
836,12/16/2020,Hist Prev (4),0,43,40,191
837,12/16/2020,Individual,0,0,0,363
838,12/16/2020,PET (20),16,20,50,190
839,12/16/2020,PET (4),16,35,34,190
840,12/16/2020,tOPS,0,34,41,190
841,12/17/2020,Fixed (20),0,10,108,137
842,12/17/2020,Fixed (4),0,47,28,138
843,12/17/2020,Hist Prev (20),0,39,34,138
844,12/17/2020,Hist Prev (4),0,47,28,138
845,12/17/2020,Individual,0,0,0,325
846,12/17/2020,PET (20),17,15,33,137
847,12/17/2020,PET (4),17,33,25,137
848,12/17/2020,tOPS,0,32,43,137
849,12/18/2020,Fixed (20),0,18,140,152
850,12/18/2020,Fixed (4),0,83,40,154
851,12/18/2020,Hist Prev (20),0,62,46,153
852,12/18/2020,Hist Prev (4),0,83,40,154
853,12/18/2020,Individual,0,0,0,486
854,12/18/2020,PET (20),29,26,56,152
855,12/18/2020,PET (4),29,61,39,152
856,12/18/2020,tOPS,0,45,62,152
857,12/21/2020,Fixed (20),0,8,60,145
858,12/21/2020,Fixed (4),0,37,20,145
859,12/21/2020,Hist Prev (20),0,27,23,145
860,12/21/2020,Hist Prev (4),0,37,20,145
861,12/21/2020,Individual,0,0,0,293
862,12/21/2020,PET (20),13,12,35,145
863,12/21/2020,PET (4),13,27,19,146
864,12/21/2020,tOPS,0,21,27,146
865,12/22/2020,Fixed (20),0,7,133,67
866,12/22/2020,Fixed (4),0,33,60,68
867,12/22/2020,Hist Prev (20),0,33,60,68
868,12/22/2020,Hist Prev (4),0,33,60,68
869,12/22/2020,Individual,0,0,0,200
870,12/22/2020,PET (20),12,32,53,68
871,12/22/2020,PET (4),12,32,53,68
872,12/22/2020,tOPS,0,33,60,68
873,12/23/2020,Fixed (20),0,4,40,81
874,12/23/2020,Fixed (4),0,18,12,81
875,12/23/2020,Hist Prev (20),0,18,12,81
876,12/23/2020,Hist Prev (4),0,18,12,81
877,12/23/2020,Individual,0,0,0,153
878,12/23/2020,PET (20),6,10,13,81
879,12/23/2020,PET (4),6,13,11,81
880,12/23/2020,tOPS,0,12,18,81
881,12/28/2020,Fixed (20),0,0,0,24
882,12/28/2020,Fixed (4),0,0,0,24
883,12/28/2020,Hist Prev (20),0,0,0,24
884,12/28/2020,Hist Prev (4),0,0,0,24
885,12/28/2020,Individual,0,0,0,24
886,12/28/2020,PET (20),0,0,0,24
887,12/28/2020,PET (4),0,0,0,24
888,12/28/2020,tOPS,0,0,0,24
889,12/29/2020,Fixed (20),0,0,0,87
890,12/29/2020,Fixed (4),0,0,0,87
891,12/29/2020,Hist Prev (20),0,0,0,87
892,12/29/2020,Hist Prev (4),0,0,0,87
893,12/29/2020,Individual,0,0,0,87
894,12/29/2020,PET (20),0,0,0,87
895,12/29/2020,PET (4),0,0,0,87
896,12/29/2020,tOPS,0,0,0,87
897,12/30/2020,Fixed (20),0,7,126,68
898,12/30/2020,Fixed (4),0,32,86,68
899,12/30/2020,Hist Prev (20),0,32,86,68
900,12/30/2020,Hist Prev (4),0,32,86,68
901,12/30/2020,Individual,0,0,0,194
902,12/30/2020,PET (20),11,31,69,68
903,12/30/2020,PET (4),11,31,69,68
904,12/30/2020,tOPS,0,42,72,68
905,12/31/2020,Fixed (20),0,3,40,35
906,12/31/2020,Fixed (4),0,11,16,35
907,12/31/2020,Hist Prev (20),0,11,16,35
908,12/31/2020,Hist Prev (4),0,11,16,35
909,12/31/2020,Individual,0,0,0,77
910,12/31/2020,PET (20),4,7,15,35
911,12/31/2020,PET (4),4,7,15,35
912,12/31/2020,tOPS,0,11,16,35
913,1/4/2021,Fixed (20),0,3,51,73
914,1/4/2021,Fixed (4),0,13,20,73
915,1/4/2021,Hist Prev (20),0,13,20,73
916,1/4/2021,Hist Prev (4),0,13,20,73
917,1/4/2021,Individual,0,0,0,124
918,1/4/2021,PET (20),5,12,18,73
919,1/4/2021,PET (4),5,12,18,73
920,1/4/2021,tOPS,0,13,20,73
921,1/5/2021,Fixed (20),0,2,40,35
922,1/5/2021,Fixed (4),0,10,8,35
923,1/5/2021,Hist Prev (20),0,10,8,35
924,1/5/2021,Hist Prev (4),0,10,8,35
925,1/5/2021,Individual,0,0,0,75
926,1/5/2021,PET (20),4,7,7,34
927,1/5/2021,PET (4),4,7,7,35
928,1/5/2021,tOPS,0,8,10,35
929,1/6/2021,Fixed (20),0,18,140,153
930,1/6/2021,Fixed (4),0,90,60,153
931,1/6/2021,Hist Prev (20),0,58,75,152
932,1/6/2021,Hist Prev (4),0,90,60,153
933,1/6/2021,Individual,0,0,0,513
934,1/6/2021,PET (20),31,37,75,152
935,1/6/2021,PET (4),31,70,50,152
936,1/6/2021,tOPS,0,54,78,152
937,1/7/2021,Fixed (20),0,11,40,56
938,1/7/2021,Fixed (4),0,49,8,56
939,1/7/2021,Hist Prev (20),0,33,11,56
940,1/7/2021,Hist Prev (4),0,49,8,56
941,1/7/2021,Individual,0,0,0,251
942,1/7/2021,PET (20),17,6,23,56
943,1/7/2021,PET (4),17,36,8,56
944,1/7/2021,tOPS,0,19,20,56
945,1/8/2021,Fixed (20),0,14,163,49
946,1/8/2021,Fixed (4),0,63,92,49
947,1/8/2021,Hist Prev (20),0,47,101,49
948,1/8/2021,Hist Prev (4),0,63,92,49
949,1/8/2021,Individual,0,0,0,298
950,1/8/2021,PET (20),22,40,83,50
951,1/8/2021,PET (4),22,51,77,50
952,1/8/2021,tOPS,0,53,93,50
953,1/11/2021,Fixed (20),0,8,94,62
954,1/11/2021,Fixed (4),0,36,36,63
955,1/11/2021,Hist Prev (20),0,29,39,62
956,1/11/2021,Hist Prev (4),0,36,36,63
957,1/11/2021,Individual,0,0,0,205
958,1/11/2021,PET (20),13,15,47,62
959,1/11/2021,PET (4),13,25,30,63
960,1/11/2021,tOPS,0,27,41,62
961,1/12/2021,Fixed (20),0,18,77,52
962,1/12/2021,Fixed (4),0,88,32,53
963,1/12/2021,Hist Prev (20),0,59,32,53
964,1/12/2021,Hist Prev (4),0,88,32,53
965,1/12/2021,Individual,0,0,0,405
966,1/12/2021,PET (20),30,24,27,52
967,1/12/2021,PET (4),30,65,27,52
968,1/12/2021,tOPS,0,33,32,53
969,1/13/2021,Fixed (20),0,26,280,34
970,1/13/2021,Fixed (4),0,122,107,35
971,1/13/2021,Hist Prev (20),0,93,119,34
972,1/13/2021,Hist Prev (4),0,122,107,35
973,1/13/2021,Individual,0,0,0,520
974,1/13/2021,PET (20),41,61,111,34
975,1/13/2021,PET (4),41,90,95,34
976,1/13/2021,tOPS,0,82,131,34
977,1/14/2021,Fixed (20),0,16,116,40
978,1/14/2021,Fixed (4),0,75,40,40
979,1/14/2021,Hist Prev (20),0,51,46,40
980,1/14/2021,Hist Prev (4),0,75,40,40
981,1/14/2021,Individual,0,0,0,340
982,1/14/2021,PET (20),26,21,50,40
983,1/14/2021,PET (4),26,54,37,40
984,1/14/2021,tOPS,0,33,64,40
985,1/15/2021,Fixed (20),0,14,100,121
986,1/15/2021,Fixed (4),0,68,36,121
987,1/15/2021,Hist Prev (20),0,50,39,121
988,1/15/2021,Hist Prev (4),0,68,36,121
989,1/15/2021,Individual,0,0,0,391
990,1/15/2021,PET (20),24,23,50,121
991,1/15/2021,PET (4),24,48,33,121
992,1/15/2021,tOPS,0,38,46,121
993,1/17/2021,Fixed (20),0,51,372,81
994,1/17/2021,Fixed (4),0,250,184,81
995,1/17/2021,Hist Prev (20),0,170,215,81
996,1/17/2021,Hist Prev (4),0,255,182,81
997,1/17/2021,Individual,0,0,0,1079
998,1/17/2021,PET (20),84,68,134,180
999,1/17/2021,PET (4),84,161,82,180
1000,1/17/2021,tOPS,0,78,132,213
1001,1/18/2021,Fixed (20),0,49,200,25
1002,1/18/2021,Fixed (4),0,243,44,25
1003,1/18/2021,Hist Prev (20),0,139,77,25
1004,1/18/2021,Hist Prev (4),0,243,44,25
1005,1/18/2021,Individual,0,0,0,995
1006,1/18/2021,PET (20),81,72,89,25
1007,1/18/2021,PET (4),81,181,41,25
1008,1/18/2021,tOPS,0,89,121,25
1009,1/19/2021,Fixed (20),0,50,200,100
1010,1/19/2021,Fixed (4),0,249,44,100
1011,1/19/2021,Hist Prev (20),0,147,74,100
1012,1/19/2021,Hist Prev (4),0,249,44,100
1013,1/19/2021,Individual,0,0,0,1096
1014,1/19/2021,PET (20),84,60,93,100
1015,1/19/2021,PET (4),84,186,41,100
1016,1/19/2021,tOPS,0,93,117,100
1017,1/20/2021,Fixed (20),0,60,449,56
1018,1/20/2021,Fixed (4),0,291,148,57
1019,1/20/2021,Hist Prev (20),0,190,187,57
1020,1/20/2021,Hist Prev (4),0,291,148,57
1021,1/20/2021,Individual,0,0,0,1220
1022,1/20/2021,PET (20),98,121,183,57
1023,1/20/2021,PET (4),98,227,129,57
1024,1/20/2021,tOPS,0,163,202,57
1025,1/21/2021,Fixed (20),0,40,279,120
1026,1/21/2021,Fixed (4),0,200,72,120
1027,1/21/2021,Hist Prev (20),0,119,107,120
1028,1/21/2021,Hist Prev (4),0,200,72,120
1029,1/21/2021,Individual,0,0,0,919
1030,1/21/2021,PET (20),68,69,107,120
1031,1/21/2021,PET (4),68,148,67,120
1032,1/21/2021,tOPS,0,105,120,120
1033,1/22/2021,Fixed (20),0,18,140,125
1034,1/22/2021,Fixed (4),0,88,42,125
1035,1/22/2021,Hist Prev (20),0,59,57,125
1036,1/22/2021,Hist Prev (4),0,88,42,125
1037,1/22/2021,Individual,0,0,0,474
1038,1/22/2021,PET (20),30,33,61,125
1039,1/22/2021,PET (4),30,64,38,126
1040,1/22/2021,tOPS,0,50,67,126
1041,1/23/2021,Fixed (20),0,12,20,51
1042,1/23/2021,Fixed (4),0,59,4,51
1043,1/23/2021,Hist Prev (20),0,34,7,51
1044,1/23/2021,Hist Prev (4),0,59,4,51
1045,1/23/2021,Individual,0,0,0,287
1046,1/23/2021,PET (20),20,8,20,51
1047,1/23/2021,PET (4),20,44,4,51
1048,1/23/2021,tOPS,0,15,16,51
1049,1/24/2021,Fixed (20),0,34,80,36
1050,1/24/2021,Fixed (4),0,170,16,36
1051,1/24/2021,Hist Prev (20),0,97,28,37
1052,1/24/2021,Hist Prev (4),0,170,16,36
1053,1/24/2021,Individual,0,0,0,716
1054,1/24/2021,PET (20),57,36,45,36
1055,1/24/2021,PET (4),57,127,15,37
1056,1/24/2021,tOPS,0,36,76,36
1057,1/25/2021,Fixed (20),0,28,160,62
1058,1/25/2021,Fixed (4),0,139,56,62
1059,1/25/2021,Hist Prev (20),0,88,68,62
1060,1/25/2021,Hist Prev (4),0,139,56,62
1061,1/25/2021,Individual,0,0,0,618
1062,1/25/2021,PET (20),47,48,72,62
1063,1/25/2021,PET (4),47,108,48,62
1064,1/25/2021,tOPS,0,57,96,62
1065,1/26/2021,Fixed (20),0,29,340,293
1066,1/26/2021,Fixed (4),0,143,100,293
1067,1/26/2021,Hist Prev (20),0,88,153,293
1068,1/26/2021,Hist Prev (4),0,143,100,293
1069,1/26/2021,Individual,0,0,0,862
1070,1/26/2021,PET (20),48,73,114,293
1071,1/26/2021,PET (4),48,105,90,293
1072,1/26/2021,tOPS,0,100,136,293
1073,1/27/2021,Fixed (20),0,14,171,502
1074,1/27/2021,Fixed (4),0,65,81,502
1075,1/27/2021,Hist Prev (20),0,49,90,503
1076,1/27/2021,Hist Prev (4),0,65,81,502
1077,1/27/2021,Individual,0,0,0,761
1078,1/27/2021,PET (20),23,41,71,503
1079,1/27/2021,PET (4),23,53,65,504
1080,1/27/2021,tOPS,0,54,84,503
1081,1/28/2021,Fixed (20),0,15,285,122
1082,1/28/2021,Fixed (4),0,71,224,123
1083,1/28/2021,Hist Prev (20),0,41,271,122
1084,1/28/2021,Hist Prev (4),0,71,224,123
1085,1/28/2021,Individual,0,0,0,407
1086,1/28/2021,PET (20),24,0,60,335
1087,1/28/2021,PET (4),24,0,60,335
1088,1/28/2021,tOPS,0,57,245,122
1089,1/29/2021,Fixed (20),0,19,160,290
1090,1/29/2021,Fixed (4),0,91,48,291
1091,1/29/2021,Hist Prev (20),0,61,63,291
1092,1/29/2021,Hist Prev (4),0,91,48,291
1093,1/29/2021,Individual,0,0,0,655
1094,1/29/2021,PET (20),32,38,65,290
1095,1/29/2021,PET (4),32,67,43,291
1096,1/29/2021,tOPS,0,53,73,290
1097,2/1/2021,Fixed (20),0,10,40,160
1098,2/1/2021,Fixed (4),0,46,8,160
1099,2/1/2021,Hist Prev (20),0,27,14,160
1100,2/1/2021,Hist Prev (4),0,46,8,160
1101,2/1/2021,Individual,0,0,0,344
1102,2/1/2021,PET (20),16,6,20,160
1103,2/1/2021,PET (4),16,34,8,160
1104,2/1/2021,tOPS,0,19,20,160
1105,2/2/2021,Fixed (20),0,28,144,156
1106,2/2/2021,Fixed (4),0,136,36,156
1107,2/2/2021,Hist Prev (20),0,83,57,155
1108,2/2/2021,Hist Prev (4),0,136,36,156
1109,2/2/2021,Individual,0,0,0,700
1110,2/2/2021,PET (20),46,42,58,155
1111,2/2/2021,PET (4),46,101,33,155
1112,2/2/2021,tOPS,0,59,80,156
1113,2/3/2021,Fixed (20),0,26,260,178
1114,2/3/2021,Fixed (4),0,130,64,178
1115,2/3/2021,Hist Prev (20),0,75,112,178
1116,2/3/2021,Hist Prev (4),0,130,64,178
1117,2/3/2021,Individual,0,0,0,698
1118,2/3/2021,PET (20),44,64,84,178
1119,2/3/2021,PET (4),44,97,61,178
1120,2/3/2021,tOPS,0,75,112,178
1121,2/4/2021,Fixed (20),0,44,292,82
1122,2/4/2021,Fixed (4),0,216,84,82
1123,2/4/2021,Hist Prev (20),0,100,169,81
1124,2/4/2021,Hist Prev (4),0,216,84,82
1125,2/4/2021,Individual,0,0,0,946
1126,2/4/2021,PET (20),73,88,109,82
1127,2/4/2021,PET (4),73,164,72,83
1128,2/4/2021,tOPS,0,86,170,81
1129,2/5/2021,Fixed (20),0,32,320,227
1130,2/5/2021,Fixed (4),0,156,84,227
1131,2/5/2021,Hist Prev (20),0,102,129,227
1132,2/5/2021,Hist Prev (4),0,156,84,227
1133,2/5/2021,Individual,0,0,0,849
1134,2/5/2021,PET (20),53,77,108,228
1135,2/5/2021,PET (4),53,115,80,227
1136,2/5/2021,tOPS,0,92,135,227
1137,2/8/2021,Fixed (20),0,14,146,186
1138,2/8/2021,Fixed (4),0,64,44,186
1139,2/8/2021,Hist Prev (20),0,44,58,186
1140,2/8/2021,Hist Prev (4),0,64,44,186
1141,2/8/2021,Individual,0,0,0,440
1142,2/8/2021,PET (20),22,32,54,186
1143,2/8/2021,PET (4),22,47,41,186
1144,2/8/2021,tOPS,0,37,68,187
1145,2/9/2021,Fixed (20),0,25,200,164
1146,2/9/2021,Fixed (4),0,122,52,164
1147,2/9/2021,Hist Prev (20),0,70,84,164
1148,2/9/2021,Hist Prev (4),0,122,52,164
1149,2/9/2021,Individual,0,0,0,652
1150,2/9/2021,PET (20),41,52,72,164
1151,2/9/2021,PET (4),41,91,48,165
1152,2/9/2021,tOPS,0,70,84,164
1153,2/10/2021,Fixed (20),0,27,352,120
1154,2/10/2021,Fixed (4),0,129,104,120
1155,2/10/2021,Hist Prev (20),0,79,153,120
1156,2/10/2021,Hist Prev (4),0,129,104,120
1157,2/10/2021,Individual,0,0,0,634
1158,2/10/2021,PET (20),44,81,113,121
1159,2/10/2021,PET (4),44,98,95,122
1160,2/10/2021,tOPS,0,90,140,120
1161,2/11/2021,Fixed (20),0,23,200,134
1162,2/11/2021,Fixed (4),0,109,48,134
1163,2/11/2021,Hist Prev (20),0,70,71,134
1164,2/11/2021,Hist Prev (4),0,109,48,134
1165,2/11/2021,Individual,0,0,0,567
1166,2/11/2021,PET (20),37,41,75,134
1167,2/11/2021,PET (4),37,80,44,134
1168,2/11/2021,tOPS,0,64,75,134
1169,2/12/2021,Fixed (20),0,25,400,111
1170,2/12/2021,Fixed (4),0,122,136,112
1171,2/12/2021,Hist Prev (20),0,77,202,111
1172,2/12/2021,Hist Prev (4),0,122,136,112
1173,2/12/2021,Individual,0,0,0,600
1174,2/12/2021,PET (20),42,72,134,111
1175,2/12/2021,PET (4),42,90,124,111
1176,2/12/2021,tOPS,0,98,159,111
1177,2/15/2021,Fixed (20),0,13,187,144
1178,2/15/2021,Fixed (4),0,62,60,144
1179,2/15/2021,Hist Prev (20),0,36,98,144
1180,2/15/2021,Hist Prev (4),0,62,60,144
1181,2/15/2021,Individual,0,0,0,391
1182,2/15/2021,PET (20),21,36,66,144
1183,2/15/2021,PET (4),21,46,58,144
1184,2/15/2021,tOPS,0,50,75,144
1185,2/16/2021,Fixed (20),0,24,80,131
1186,2/16/2021,Fixed (4),0,120,16,131
1187,2/16/2021,Hist Prev (20),0,69,28,130
1188,2/16/2021,Hist Prev (4),0,120,16,131
1189,2/16/2021,Individual,0,0,0,611
1190,2/16/2021,PET (20),41,29,39,130
1191,2/16/2021,PET (4),41,89,15,130
1192,2/16/2021,tOPS,0,40,48,131
1193,2/17/2021,Fixed (20),0,29,367,62
1194,2/17/2021,Fixed (4),0,137,112,62
1195,2/17/2021,Hist Prev (20),0,84,174,62
1196,2/17/2021,Hist Prev (4),0,137,112,62
1197,2/17/2021,Individual,0,0,0,605
1198,2/17/2021,PET (20),47,81,125,63
1199,2/17/2021,PET (4),47,99,107,63
1200,2/17/2021,tOPS,0,98,152,62
1201,2/18/2021,Fixed (20),0,36,399,128
1202,2/18/2021,Fixed (4),0,180,108,128
1203,2/18/2021,Hist Prev (20),0,107,166,129
1204,2/18/2021,Hist Prev (4),0,180,108,128
1205,2/18/2021,Individual,0,0,0,847
1206,2/18/2021,PET (20),61,90,131,128
1207,2/18/2021,PET (4),61,133,99,129
1208,2/18/2021,tOPS,0,124,150,128
1209,2/19/2021,Fixed (20),0,14,106,144
1210,2/19/2021,Fixed (4),0,67,27,144
1211,2/19/2021,Hist Prev (20),0,42,39,144
1212,2/19/2021,Hist Prev (4),0,67,27,144
1213,2/19/2021,Individual,0,0,0,410
1214,2/19/2021,PET (20),23,26,38,144
1215,2/19/2021,PET (4),23,48,24,144
1216,2/19/2021,tOPS,0,35,44,145
1217,2/22/2021,Fixed (20),0,35,413,180
1218,2/22/2021,Fixed (4),0,171,108,181
1219,2/22/2021,Hist Prev (20),0,101,176,181
1220,2/22/2021,Hist Prev (4),0,171,108,181
1221,2/22/2021,Individual,0,0,0,863
1222,2/22/2021,PET (20),58,89.5,140,180
1223,2/22/2021,PET (4),58,127,103,181
1224,2/22/2021,tOPS,0,116,154,180
1225,2/23/2021,Fixed (20),0,37,340,162
1226,2/23/2021,Fixed (4),0,183,88,162
1227,2/23/2021,Hist Prev (20),0,105,147,162
1228,2/23/2021,Hist Prev (4),0,183,88,162
1229,2/23/2021,Individual,0,0,0,893
1230,2/23/2021,PET (20),61,78,117,162
1231,2/23/2021,PET (4),61,137,83,162
1232,2/23/2021,tOPS,0,105,147,162
1233,2/24/2021,Fixed (20),0,52,446,115
1234,2/24/2021,Fixed (4),0,253,120,115
1235,2/24/2021,Hist Prev (20),0,161,188,115
1236,2/24/2021,Hist Prev (4),0,253,120,115
1237,2/24/2021,Individual,0,0,0,1124
1238,2/24/2021,PET (20),86,99,172,115
1239,2/24/2021,PET (4),86,186,111,115
1240,2/24/2021,tOPS,0,143,192,115
1241,2/25/2021,Fixed (20),0,29,400,124
1242,2/25/2021,Fixed (4),0,142,120,125
1243,2/25/2021,Hist Prev (20),0,82,196,124
1244,2/25/2021,Hist Prev (4),0,142,120,125
1245,2/25/2021,Individual,0,0,0,693
1246,2/25/2021,PET (20),48,85,134,124
1247,2/25/2021,PET (4),48,106,114,125
1248,2/25/2021,tOPS,0,114,145,124
1249,2/26/2021,Fixed (20),0,35,410,181
1250,2/26/2021,Fixed (4),0,173,108,181
1251,2/26/2021,Hist Prev (20),0,106,176,181
1252,2/26/2021,Hist Prev (4),0,173,108,181
1253,2/26/2021,Individual,0,0,0,871
1254,2/26/2021,PET (20),58,96,139,181
1255,2/26/2021,PET (4),58,128,103,182
1256,2/26/2021,tOPS,0,114,160,181
1257,3/1/2021,Fixed (20),0,2,0,126
1258,3/1/2021,Fixed (4),0,8,0,126
1259,3/1/2021,Hist Prev (20),0,8,0,126
1260,3/1/2021,Hist Prev (4),0,8,0,126
1261,3/1/2021,Individual,0,0,0,158
1262,3/1/2021,PET (20),3,1,0,126
1263,3/1/2021,PET (4),3,5,0,126
1264,3/1/2021,tOPS,0,2,0,126
1265,3/2/2021,Fixed (20),0,6,60,155
1266,3/2/2021,Fixed (4),0,27,16,155
1267,3/2/2021,Hist Prev (20),0,16,28,155
1268,3/2/2021,Hist Prev (4),0,27,16,155
1269,3/2/2021,Individual,0,0,0,263
1270,3/2/2021,PET (20),9,13,21,156
1271,3/2/2021,PET (4),9,20,15,156
1272,3/2/2021,tOPS,0,18,24,155
1273,3/3/2021,Fixed (20),0,3,0,147
1274,3/3/2021,Fixed (4),0,11,0,148
1275,3/3/2021,Hist Prev (20),0,11,0,148
1276,3/3/2021,Hist Prev (4),0,11,0,148
1277,3/3/2021,Individual,0,0,0,192
1278,3/3/2021,PET (20),4,1,0,147
1279,3/3/2021,PET (4),4,8,0,148
1280,3/3/2021,tOPS,0,3,0,147
1281,3/4/2021,Fixed (20),0,0,0,143
1282,3/4/2021,Fixed (4),0,0,0,143
1283,3/4/2021,Hist Prev (20),0,0,0,143
1284,3/4/2021,Hist Prev (4),0,0,0,143
1285,3/4/2021,Individual,0,0,0,143
1286,3/4/2021,PET (20),0,0,0,143
1287,3/4/2021,PET (4),0,0,0,143
1288,3/4/2021,tOPS,0,0,0,143
1289,3/5/2021,Fixed (20),0,55,600,106
1290,3/5/2021,Fixed (4),0,266,196,107
1291,3/5/2021,Hist Prev (20),0,181,280,107
1292,3/5/2021,Hist Prev (4),0,272,195,108
1293,3/5/2021,Individual,0,0,0,1165
1294,3/5/2021,PET (20),90,131,226,107
1295,3/5/2021,PET (4),90,196,176,109
1296,3/5/2021,tOPS,0,185,248,106
1297,3/8/2021,Fixed (20),0,0,0,269
1298,3/8/2021,Fixed (4),0,0,0,269
1299,3/8/2021,Hist Prev (20),0,0,0,269
1300,3/8/2021,Hist Prev (4),0,0,0,269
1301,3/8/2021,Individual,0,0,0,269
1302,3/8/2021,PET (20),0,0,0,269
1303,3/8/2021,PET (4),0,0,0,269
1304,3/8/2021,tOPS,0,0,0,269
1305,3/9/2021,Fixed (20),0,5,0,117
1306,3/9/2021,Fixed (4),0,21,0,118
1307,3/9/2021,Hist Prev (20),0,12,0,118
1308,3/9/2021,Hist Prev (4),0,21,0,118
1309,3/9/2021,Individual,0,0,0,202
1310,3/9/2021,PET (20),8,3,0,118
1311,3/9/2021,PET (4),8,15,0,118
1312,3/9/2021,tOPS,0,5,0,117
1313,3/10/2021,Fixed (20),0,5,40,104
1314,3/10/2021,Fixed (4),0,24,8,104
1315,3/10/2021,Hist Prev (20),0,18,11,104
1316,3/10/2021,Hist Prev (4),0,24,8,104
1317,3/10/2021,Individual,0,0,0,199
1318,3/10/2021,PET (20),9,3,40,103
1319,3/10/2021,PET (4),9,17,8,104
1320,3/10/2021,tOPS,0,13,15,103
1321,3/11/2021,Fixed (20),0,0,0,106
1322,3/11/2021,Fixed (4),0,0,0,106
1323,3/11/2021,Hist Prev (20),0,0,0,106
1324,3/11/2021,Hist Prev (4),0,0,0,106
1325,3/11/2021,Individual,0,0,0,106
1326,3/11/2021,PET (20),0,0,0,106
1327,3/11/2021,PET (4),0,0,0,106
1328,3/11/2021,tOPS,0,0,0,106
1329,3/12/2021,Fixed (20),0,41,318,66
1330,3/12/2021,Fixed (4),0,204,80,67
1331,3/12/2021,Hist Prev (20),0,123,124,67
1332,3/12/2021,Hist Prev (4),0,204,80,67
1333,3/12/2021,Individual,0,0,0,881
1334,3/12/2021,PET (20),69,80,111,66
1335,3/12/2021,PET (4),69,151,73,67
1336,3/12/2021,tOPS,0,96,159,67
1337,3/15/2021,Fixed (20),0,5,40,207
1338,3/15/2021,Fixed (4),0,22,8,207
1339,3/15/2021,Hist Prev (20),0,13,14,207
1340,3/15/2021,Hist Prev (4),0,22,8,207
1341,3/15/2021,Individual,0,0,0,295
1342,3/15/2021,PET (20),8,3,20,207
1343,3/15/2021,PET (4),8,16,8,207
1344,3/15/2021,tOPS,0,13,14,207
1345,3/16/2021,Fixed (20),0,7,60,74
1346,3/16/2021,Fixed (4),0,31,20,74
1347,3/16/2021,Hist Prev (20),0,24,20,74
1348,3/16/2021,Hist Prev (4),0,31,20,74
1349,3/16/2021,Individual,0,0,0,196
1350,3/16/2021,PET (20),11,13,15,74
1351,3/16/2021,PET (4),11,22,15,75
1352,3/16/2021,tOPS,0,16,20,74
1353,3/17/2021,Fixed (20),0,7,38,86
1354,3/17/2021,Fixed (4),0,32,20,86
1355,3/17/2021,Hist Prev (20),0,23,20,86
1356,3/17/2021,Hist Prev (4),0,32,20,86
1357,3/17/2021,Individual,0,0,0,212
1358,3/17/2021,PET (20),12,9,15,86
1359,3/17/2021,PET (4),12,22,15,86
1360,3/17/2021,tOPS,0,15,20,86
1361,3/18/2021,Fixed (20),0,0,0,84
1362,3/18/2021,Fixed (4),0,0,0,84
1363,3/18/2021,Hist Prev (20),0,0,0,84
1364,3/18/2021,Hist Prev (4),0,0,0,84
1365,3/18/2021,Individual,0,0,0,84
1366,3/18/2021,PET (20),0,0,0,84
1367,3/18/2021,PET (4),0,0,0,84
1368,3/18/2021,tOPS,0,0,0,84
1369,3/19/2021,Fixed (20),0,40,193,83
1370,3/19/2021,Fixed (4),0,195,44,85
1371,3/19/2021,Hist Prev (20),0,117,65,85
1372,3/19/2021,Hist Prev (4),0,195,44,85
1373,3/19/2021,Individual,0,0,0,865
1374,3/19/2021,PET (20),66,63,71,83
1375,3/19/2021,PET (4),66,145,41,83
1376,3/19/2021,tOPS,0,74,100,84
1377,3/22/2021,Fixed (20),0,7,75,118
1378,3/22/2021,Fixed (4),0,33,24,118
1379,3/22/2021,Hist Prev (20),0,23,30,118
1380,3/22/2021,Hist Prev (4),0,33,24,118
1381,3/22/2021,Individual,0,0,0,247
1382,3/22/2021,PET (20),11,9,35,118
1383,3/22/2021,PET (4),11,23,22,118
1384,3/22/2021,tOPS,0,24,28,118
1385,3/23/2021,Fixed (20),0,3,0,91
1386,3/23/2021,Fixed (4),0,15,0,91
1387,3/23/2021,Hist Prev (20),0,9,0,90
1388,3/23/2021,Hist Prev (4),0,15,0,91
1389,3/23/2021,Individual,0,0,0,151
1390,3/23/2021,PET (20),6,2,0,90
1391,3/23/2021,PET (4),6,10,0,90
1392,3/23/2021,tOPS,0,3,0,91
1393,3/24/2021,Fixed (20),0,4,20,61
1394,3/24/2021,Fixed (4),0,15,4,63
1395,3/24/2021,Hist Prev (20),0,12,7,62
1396,3/24/2021,Hist Prev (4),0,15,4,63
1397,3/24/2021,Individual,0,0,0,123
1398,3/24/2021,PET (20),6,2,20,61
1399,3/24/2021,PET (4),6,11,4,61
1400,3/24/2021,tOPS,0,8,6,61
1401,3/25/2021,Fixed (20),0,0,0,120
1402,3/25/2021,Fixed (4),0,0,0,120
1403,3/25/2021,Hist Prev (20),0,0,0,120
1404,3/25/2021,Hist Prev (4),0,0,0,120
1405,3/25/2021,Individual,0,0,0,120
1406,3/25/2021,PET (20),0,0,0,120
1407,3/25/2021,PET (4),0,0,0,120
1408,3/25/2021,tOPS,0,0,0,120
1409,3/26/2021,Fixed (20),0,43,260,79
1410,3/26/2021,Fixed (4),0,209,64,80
1411,3/26/2021,Hist Prev (20),0,125,103,79
1412,3/26/2021,Hist Prev (4),0,209,64,80
1413,3/26/2021,Individual,0,0,0,914
1414,3/26/2021,PET (20),71,72,101,79
1415,3/26/2021,PET (4),71,155,59,79
1416,3/26/2021,tOPS,0,99,120,80
1417,3/29/2021,Fixed (20),0,7,20,111
1418,3/29/2021,Fixed (4),0,32,4,112
1419,3/29/2021,Hist Prev (20),0,22,4,112
1420,3/29/2021,Hist Prev (4),0,32,4,112
1421,3/29/2021,Individual,0,0,0,238
1422,3/29/2021,PET (20),11,4,20,111
1423,3/29/2021,PET (4),11,23,4,111
1424,3/29/2021,tOPS,0,11,6,111
1425,3/30/2021,Fixed (20),0,0,0,131
1426,3/30/2021,Fixed (4),0,0,0,131
1427,3/30/2021,Hist Prev (20),0,0,0,131
1428,3/30/2021,Hist Prev (4),0,0,0,131
1429,3/30/2021,Individual,0,0,0,131
1430,3/30/2021,PET (20),0,0,0,131
1431,3/30/2021,PET (4),0,0,0,131
1432,3/30/2021,tOPS,0,0,0,131
1433,3/31/2021,Fixed (20),0,2,0,83
1434,3/31/2021,Fixed (4),0,8,0,83
1435,3/31/2021,Hist Prev (20),0,4,0,83
1436,3/31/2021,Hist Prev (4),0,8,0,83
1437,3/31/2021,Individual,0,0,0,113
1438,3/31/2021,PET (20),3,1,0,84
1439,3/31/2021,PET (4),3,5,0,84
1440,3/31/2021,tOPS,0,2,0,83
1441,4/1/2021,Fixed (20),0,26,110,78
1442,4/1/2021,Fixed (4),0,128,24,78
1443,4/1/2021,Hist Prev (20),0,64,48,78
1444,4/1/2021,Hist Prev (4),0,128,24,78
1445,4/1/2021,Individual,0,0,0,588
1446,4/1/2021,PET (20),43,31,51,78
1447,4/1/2021,PET (4),43,95,22,79
1448,4/1/2021,tOPS,0,47,66,78
1449,4/2/2021,Fixed (20),0,38,160,70
1450,4/2/2021,Fixed (4),0,190,36,70
1451,4/2/2021,Hist Prev (20),0,95,72,70
1452,4/2/2021,Hist Prev (4),0,190,36,70
1453,4/2/2021,Individual,0,0,0,828
1454,4/2/2021,PET (20),64,51,77,70
1455,4/2/2021,PET (4),64,141,34,70
1456,4/2/2021,tOPS,0,59,117,70
1457,4/5/2021,Fixed (20),0,21,40,87
1458,4/5/2021,Fixed (4),0,102,8,87
1459,4/5/2021,Hist Prev (20),0,56,12,87
1460,4/5/2021,Hist Prev (4),0,102,8,87
1461,4/5/2021,Individual,0,0,0,491
1462,4/5/2021,PET (20),35,14,23,87
1463,4/5/2021,PET (4),35,74,8,88
1464,4/5/2021,tOPS,0,25,27,87
1465,4/6/2021,Fixed (20),0,28,100,105
1466,4/6/2021,Fixed (4),0,136,20,105
1467,4/6/2021,Hist Prev (20),0,68,40,105
1468,4/6/2021,Hist Prev (4),0,136,20,105
1469,4/6/2021,Individual,0,0,0,647
1470,4/6/2021,PET (20),46,31,55,105
1471,4/6/2021,PET (4),46,101,19,105
1472,4/6/2021,tOPS,0,39,70,105
1473,4/7/2021,Fixed (20),0,31,20,86
1474,4/7/2021,Fixed (4),0,148,4,87
1475,4/7/2021,Hist Prev (20),0,78,8,86
1476,4/7/2021,Hist Prev (4),0,148,4,87
1477,4/7/2021,Individual,0,0,0,678
1478,4/7/2021,PET (20),51,22,20,87
1479,4/7/2021,PET (4),51,109,4,87
1480,4/7/2021,tOPS,0,31,20,86
1481,4/8/2021,Fixed (20),0,29,40,34
1482,4/8/2021,Fixed (4),0,144,8,34
1483,4/8/2021,Hist Prev (20),0,72,16,34
1484,4/8/2021,Hist Prev (4),0,144,8,34
1485,4/8/2021,Individual,0,0,0,609
1486,4/8/2021,PET (20),48,21,40,34
1487,4/8/2021,PET (4),48,107,8,34
1488,4/8/2021,tOPS,0,32,36,34
1489,4/9/2021,Fixed (20),0,42,60,62
1490,4/9/2021,Fixed (4),0,203,16,62
1491,4/9/2021,Hist Prev (20),0,105,24,62
1492,4/9/2021,Hist Prev (4),0,203,16,62
1493,4/9/2021,Individual,0,0,0,874
1494,4/9/2021,PET (20),69,33,50,62
1495,4/9/2021,PET (4),69,150,15,62
1496,4/9/2021,tOPS,0,47,48,62
1497,4/12/2021,Fixed (20),0,23,109,91
1498,4/12/2021,Fixed (4),0,109,36,93
1499,4/12/2021,Hist Prev (20),0,61,48,92
1500,4/12/2021,Hist Prev (4),0,109,36,93
1501,4/12/2021,Individual,0,0,0,529
1502,4/12/2021,PET (20),38,37,46,92
1503,4/12/2021,PET (4),38,83,32,92
1504,4/12/2021,tOPS,0,49,57,92
1505,4/13/2021,Fixed (20),0,39,40,70
1506,4/13/2021,Fixed (4),0,188,12,70
1507,4/13/2021,Hist Prev (20),0,98,16,70
1508,4/13/2021,Hist Prev (4),0,188,12,70
1509,4/13/2021,Individual,0,0,0,819
1510,4/13/2021,PET (20),64,30,29,70
1511,4/13/2021,PET (4),64,138,11,70
1512,4/13/2021,tOPS,0,44,28,70
1513,4/14/2021,Fixed (20),0,96,1012,27
1514,4/14/2021,Fixed (4),0,474,360,27
1515,4/14/2021,Hist Prev (20),0,377,372,27
1516,4/14/2021,Hist Prev (4),0,474,360,27
1517,4/14/2021,Individual,0,0,0,1922
1518,4/14/2021,PET (20),159,246,364,27
1519,4/14/2021,PET (4),159,353,341,28
1520,4/14/2021,tOPS,0,325,399,27
1521,4/15/2021,Fixed (20),0,37,100,42
1522,4/15/2021,Fixed (4),0,181,20,42
1523,4/15/2021,Hist Prev (20),0,91,40,42
1524,4/15/2021,Hist Prev (4),0,181,20,42
1525,4/15/2021,Individual,0,0,0,766
1526,4/15/2021,PET (20),61,38,59,43
1527,4/15/2021,PET (4),61,135,19,43
1528,4/15/2021,tOPS,0,56,65,42
1529,4/16/2021,Fixed (20),0,26,100,68
1530,4/16/2021,Fixed (4),0,125,24,70
1531,4/16/2021,Hist Prev (20),0,66,40,70
1532,4/16/2021,Hist Prev (4),0,125,24,70
1533,4/16/2021,Individual,0,0,0,570
1534,4/16/2021,PET (20),43,34,46,68
1535,4/16/2021,PET (4),43,93,22,69
1536,4/16/2021,tOPS,0,36,74,68
1537,4/19/2021,Fixed (20),0,23,60,85
1538,4/19/2021,Fixed (4),0,111,12,87
1539,4/19/2021,Hist Prev (20),0,60,20,87
1540,4/19/2021,Hist Prev (4),0,111,12,87
1541,4/19/2021,Individual,0,0,0,531
1542,4/19/2021,PET (20),39,16,40,85
1543,4/19/2021,PET (4),39,82,12,86
1544,4/19/2021,tOPS,0,34,37,85
1545,4/20/2021,Fixed (20),0,37,40,68
1546,4/20/2021,Fixed (4),0,185,8,68
1547,4/20/2021,Hist Prev (20),0,93,16,68
1548,4/20/2021,Hist Prev (4),0,185,8,68
1549,4/20/2021,Individual,0,0,0,806
1550,4/20/2021,PET (20),62,27,40,68
1551,4/20/2021,PET (4),62,138,8,68
1552,4/20/2021,tOPS,0,37,40,68
1553,4/21/2021,Fixed (20),0,35,100,64
1554,4/21/2021,Fixed (4),0,174,20,64
1555,4/21/2021,Hist Prev (20),0,87,40,64
1556,4/21/2021,Hist Prev (4),0,174,20,64
1557,4/21/2021,Individual,0,0,0,758
1558,4/21/2021,PET (20),58,37,59,64
1559,4/21/2021,PET (4),58,130,19,64
1560,4/21/2021,tOPS,0,35,100,64
1561,4/22/2021,Fixed (20),0,32,80,40
1562,4/22/2021,Fixed (4),0,156,16,41
1563,4/22/2021,Hist Prev (20),0,81,28,41
1564,4/22/2021,Hist Prev (4),0,156,16,41
1565,4/22/2021,Individual,0,0,0,665
1566,4/22/2021,PET (20),53,35,45,40
1567,4/22/2021,PET (4),53,116,15,40
1568,4/22/2021,tOPS,0,44,51,41
1569,4/23/2021,Fixed (20),0,11,0,52
1570,4/23/2021,Fixed (4),0,52,0,52
1571,4/23/2021,Hist Prev (20),0,26,0,52
1572,4/23/2021,Hist Prev (4),0,52,0,52
1573,4/23/2021,Individual,0,0,0,260
1574,4/23/2021,PET (20),18,7,0,52
1575,4/23/2021,PET (4),18,38,0,52
1576,4/23/2021,tOPS,0,11,0,52
1577,4/26/2021,Fixed (20),0,22,120,106
1578,4/26/2021,Fixed (4),0,103,28,106
1579,4/26/2021,Hist Prev (20),0,58,52,106
1580,4/26/2021,Hist Prev (4),0,103,28,106
1581,4/26/2021,Individual,0,0,0,516
1582,4/26/2021,PET (20),35,28,46,106
1583,4/26/2021,PET (4),35,75,26,106
1584,4/26/2021,tOPS,0,43,68,106
1585,4/27/2021,Fixed (20),0,10,40,53
1586,4/27/2021,Fixed (4),0,47,8,53
1587,4/27/2021,Hist Prev (20),0,24,16,53
1588,4/27/2021,Hist Prev (4),0,47,8,53
1589,4/27/2021,Individual,0,0,0,240
1590,4/27/2021,PET (20),16,6,20,53
1591,4/27/2021,PET (4),16,34,8,53
1592,4/27/2021,tOPS,0,19,20,53
1593,4/28/2021,Fixed (20),0,52,235,557
1594,4/28/2021,Fixed (4),0,256,83,557
1595,4/28/2021,Hist Prev (20),0,203,87,557
1596,4/28/2021,Hist Prev (4),0,256,83,557
1597,4/28/2021,Individual,0,0,0,1579
1598,4/28/2021,PET (20),87,76,119,557
1599,4/28/2021,PET (4),87,194,73,557
1600,4/28/2021,tOPS,0,99,139,557
1601,4/30/2021,Fixed (20),0,7,20,60
1602,4/30/2021,Fixed (4),0,34,4,60
1603,4/30/2021,Hist Prev (20),0,17,8,60
1604,4/30/2021,Hist Prev (4),0,34,4,60
1605,4/30/2021,Individual,0,0,0,196
1606,4/30/2021,PET (20),12,5,20,60
1607,4/30/2021,PET (4),12,25,4,60
1608,4/30/2021,tOPS,0,7,20,60
1609,5/3/2021,Fixed (20),0,8,20,97
1610,5/3/2021,Fixed (4),0,40,8,97
1611,5/3/2021,Hist Prev (20),0,25,8,97
1612,5/3/2021,Hist Prev (4),0,40,8,97
1613,5/3/2021,Individual,0,0,0,257
1614,5/3/2021,PET (20),15,11,7,95
1615,5/3/2021,PET (4),15,29,7,96
1616,5/3/2021,tOPS,0,14,10,97
1617,5/4/2021,Fixed (20),0,5,20,10
1618,5/4/2021,Fixed (4),0,24,4,10
1619,5/4/2021,Hist Prev (20),0,12,8,10
1620,5/4/2021,Hist Prev (4),0,24,4,10
1621,5/4/2021,Individual,0,0,0,106
1622,5/4/2021,PET (20),8,3,20,10
1623,5/4/2021,PET (4),8,18,4,10
1624,5/4/2021,tOPS,0,9,11,10
1625,5/5/2021,Fixed (20),0,7,40,191
1626,5/5/2021,Fixed (4),0,28,12,191
1627,5/5/2021,Hist Prev (20),0,18,24,191
1628,5/5/2021,Hist Prev (4),0,28,12,191
1629,5/5/2021,Individual,0,0,0,303
1630,5/5/2021,PET (20),10,13,13,191
1631,5/5/2021,PET (4),10,19,11,191
1632,5/5/2021,tOPS,0,16,18,191
1633,5/6/2021,Fixed (20),0,9,60,32
1634,5/6/2021,Fixed (4),0,38,20,32
1635,5/6/2021,Hist Prev (20),0,30,20,32
1636,5/6/2021,Hist Prev (4),0,38,20,32
1637,5/6/2021,Individual,0,0,0,183
1638,5/6/2021,PET (20),14,12,21,32
1639,5/6/2021,PET (4),14,26,18,32
1640,5/6/2021,tOPS,0,22,25,32
1641,5/7/2021,Fixed (20),0,4,20,27
1642,5/7/2021,Fixed (4),0,16,4,27
1643,5/7/2021,Hist Prev (20),0,12,4,27
1644,5/7/2021,Hist Prev (4),0,16,4,27
1645,5/7/2021,Individual,0,0,0,89
1646,5/7/2021,PET (20),6,2,20,28
1647,5/7/2021,PET (4),6,10,4,28
1648,5/7/2021,tOPS,0,8,6,27
1649,5/10/2021,Fixed (20),0,6,0,62
1650,5/10/2021,Fixed (4),0,25,0,63
1651,5/10/2021,Hist Prev (20),0,19,0,62
1652,5/10/2021,Hist Prev (4),0,25,0,63
1653,5/10/2021,Individual,0,0,0,163
1654,5/10/2021,PET (20),9,2,0,62
1655,5/10/2021,PET (4),9,18,0,62
1656,5/10/2021,tOPS,0,6,0,62
1657,5/11/2021,Fixed (20),0,4,20,70
1658,5/11/2021,Fixed (4),0,16,4,70
1659,5/11/2021,Hist Prev (20),0,8,8,70
1660,5/11/2021,Hist Prev (4),0,16,4,70
1661,5/11/2021,Individual,0,0,0,132
1662,5/11/2021,PET (20),6,2,20,70
1663,5/11/2021,PET (4),6,11,4,70
1664,5/11/2021,tOPS,0,7,9,70
1665,5/12/2021,Fixed (20),0,3,0,45
1666,5/12/2021,Fixed (4),0,15,0,45
1667,5/12/2021,Hist Prev (20),0,8,0,45
1668,5/12/2021,Hist Prev (4),0,15,0,45
1669,5/12/2021,Individual,0,0,0,103
1670,5/12/2021,PET (20),5,2,0,45
1671,5/12/2021,PET (4),5,10,0,45
1672,5/12/2021,tOPS,0,3,0,45
1673,5/13/2021,Fixed (20),0,3,0,56
1674,5/13/2021,Fixed (4),0,11,0,57
1675,5/13/2021,Hist Prev (20),0,6,0,56
1676,5/13/2021,Hist Prev (4),0,11,0,57
1677,5/13/2021,Individual,0,0,0,101
1678,5/13/2021,PET (20),4,1,0,56
1679,5/13/2021,PET (4),4,8,0,57
1680,5/13/2021,tOPS,0,3,0,56
1681,5/14/2021,Fixed (20),0,4,0,47
1682,5/14/2021,Fixed (4),0,17,0,47
1683,5/14/2021,Hist Prev (20),0,9,0,47
1684,5/14/2021,Hist Prev (4),0,17,0,47
1685,5/14/2021,Individual,0,0,0,114
1686,5/14/2021,PET (20),6,2,0,47
1687,5/14/2021,PET (4),6,12,0,48
1688,5/14/2021,tOPS,0,4,0,47
1689,5/17/2021,Fixed (20),0,0,0,35
1690,5/17/2021,Fixed (4),0,0,0,35
1691,5/17/2021,Hist Prev (20),0,0,0,35
1692,5/17/2021,Hist Prev (4),0,0,0,35
1693,5/17/2021,Individual,0,0,0,35
1694,5/17/2021,PET (20),0,0,0,35
1695,5/17/2021,PET (4),0,0,0,35
1696,5/17/2021,tOPS,0,0,0,35
1697,5/18/2021,Fixed (20),0,0,0,195
1698,5/18/2021,Fixed (4),0,0,0,195
1699,5/18/2021,Hist Prev (20),0,0,0,195
1700,5/18/2021,Hist Prev (4),0,0,0,195
1701,5/18/2021,Individual,0,0,0,195
1702,5/18/2021,PET (20),0,0,0,195
1703,5/18/2021,PET (4),0,0,0,195
1704,5/18/2021,tOPS,0,0,0,195
1705,5/19/2021,Fixed (20),0,0,0,30
1706,5/19/2021,Fixed (4),0,0,0,30
1707,5/19/2021,Hist Prev (20),0,0,0,30
1708,5/19/2021,Hist Prev (4),0,0,0,30
1709,5/19/2021,Individual,0,0,0,30
1710,5/19/2021,PET (20),0,0,0,30
1711,5/19/2021,PET (4),0,0,0,30
1712,5/19/2021,tOPS,0,0,0,30
1713,5/20/2021,Fixed (20),0,2,0,18
1714,5/20/2021,Fixed (4),0,10,0,18
1715,5/20/2021,Hist Prev (20),0,10,0,18
1716,5/20/2021,Hist Prev (4),0,10,0,18
1717,5/20/2021,Individual,0,0,0,58
1718,5/20/2021,PET (20),4,1,0,17
1719,5/20/2021,PET (4),4,7,0,18
1720,5/20/2021,tOPS,0,2,0,18
1721,5/21/2021,Fixed (20),0,0,0,61
1722,5/21/2021,Fixed (4),0,0,0,61
1723,5/21/2021,Hist Prev (20),0,0,0,61
1724,5/21/2021,Hist Prev (4),0,0,0,61
1725,5/21/2021,Individual,0,0,0,61
1726,5/21/2021,PET (20),0,0,0,61
1727,5/21/2021,PET (4),0,0,0,61
1728,5/21/2021,tOPS,0,0,0,61
1729,5/24/2021,Fixed (20),0,0,0,28
1730,5/24/2021,Fixed (4),0,0,0,28
1731,5/24/2021,Hist Prev (20),0,0,0,28
1732,5/24/2021,Hist Prev (4),0,0,0,28
1733,5/24/2021,Individual,0,0,0,28
1734,5/24/2021,PET (20),0,0,0,28
1735,5/24/2021,PET (4),0,0,0,28
1736,5/24/2021,tOPS,0,0,0,28
1737,5/25/2021,Fixed (20),0,5,20,34
1738,5/25/2021,Fixed (4),0,21,4,34
1739,5/25/2021,Hist Prev (20),0,16,4,34
1740,5/25/2021,Hist Prev (4),0,21,4,34
1741,5/25/2021,Individual,0,0,0,117
1742,5/25/2021,PET (20),8,2,20,34
1743,5/25/2021,PET (4),8,14,4,34
1744,5/25/2021,tOPS,0,9,7,34
1745,5/26/2021,Fixed (20),0,2,0,19
1746,5/26/2021,Fixed (4),0,9,0,19
1747,5/26/2021,Hist Prev (20),0,5,0,19
1748,5/26/2021,Hist Prev (4),0,9,0,19
1749,5/26/2021,Individual,0,0,0,55
1750,5/26/2021,PET (20),3,1,0,19
1751,5/26/2021,PET (4),3,6,0,19
1752,5/26/2021,tOPS,0,2,0,19
1753,5/27/2021,Fixed (20),0,2,0,16
1754,5/27/2021,Fixed (4),0,6,0,17
1755,5/27/2021,Hist Prev (20),0,3,0,17
1756,5/27/2021,Hist Prev (4),0,6,0,17
1757,5/27/2021,Individual,0,0,0,41
1758,5/27/2021,PET (20),3,1,0,16
1759,5/27/2021,PET (4),3,4,0,16
1760,5/27/2021,tOPS,0,2,0,16
1761,5/28/2021,Fixed (20),0,2,25,160
1762,5/28/2021,Fixed (4),0,6,16,161
1763,5/28/2021,Hist Prev (20),0,6,16,161
1764,5/28/2021,Hist Prev (4),0,6,16,161
1765,5/28/2021,Individual,0,0,0,185
1766,5/28/2021,PET (20),3,4,15,161
1767,5/28/2021,PET (4),3,4,15,161
1768,5/28/2021,tOPS,0,8,15,161
1769,6/1/2021,Fixed (20),0,2,0,62
1770,6/1/2021,Fixed (4),0,10,0,62
1771,6/1/2021,Hist Prev (20),0,5,0,62
1772,6/1/2021,Hist Prev (4),0,10,0,62
1773,6/1/2021,Individual,0,0,0,102
1774,6/1/2021,PET (20),4,1,0,61
1775,6/1/2021,PET (4),4,7,0,62
1776,6/1/2021,tOPS,0,2,0,62
1777,6/2/2021,Fixed (20),0,0,0,45
1778,6/2/2021,Fixed (4),0,0,0,45
1779,6/2/2021,Hist Prev (20),0,0,0,45
1780,6/2/2021,Hist Prev (4),0,0,0,45
1781,6/2/2021,Individual,0,0,0,45
1782,6/2/2021,PET (20),0,0,0,45
1783,6/2/2021,PET (4),0,0,0,45
1784,6/2/2021,tOPS,0,0,0,45
1785,6/3/2021,Fixed (20),0,2,0,19
1786,6/3/2021,Fixed (4),0,10,0,19
1787,6/3/2021,Hist Prev (20),0,13,0,20
1788,6/3/2021,Hist Prev (4),0,13,0,20
1789,6/3/2021,Individual,0,0,0,59
1790,6/3/2021,PET (20),4,1,0,19
1791,6/3/2021,PET (4),4,7,0,19
1792,6/3/2021,tOPS,0,2,0,19
1793,6/4/2021,Fixed (20),0,0,0,78
1794,6/4/2021,Fixed (4),0,0,0,78
1795,6/4/2021,Hist Prev (20),0,0,0,78
1796,6/4/2021,Hist Prev (4),0,0,0,78
1797,6/4/2021,Individual,0,0,0,78
1798,6/4/2021,PET (20),0,0,0,78
1799,6/4/2021,PET (4),0,0,0,78
1800,6/4/2021,tOPS,0,0,0,78
1801,6/7/2021,Fixed (20),0,0,0,30
1802,6/7/2021,Fixed (4),0,0,0,30
1803,6/7/2021,Hist Prev (20),0,0,0,30
1804,6/7/2021,Hist Prev (4),0,0,0,30
1805,6/7/2021,Individual,0,0,0,30
1806,6/7/2021,PET (20),0,0,0,30
1807,6/7/2021,PET (4),0,0,0,30
1808,6/7/2021,tOPS,0,0,0,30
1809,6/8/2021,Fixed (20),0,6,40,22
1810,6/8/2021,Fixed (4),0,22,8,22
1811,6/8/2021,Hist Prev (20),0,17,12,22
1812,6/8/2021,Hist Prev (4),0,22,8,22
1813,6/8/2021,Individual,0,0,0,109
1814,6/8/2021,PET (20),8,2,6,22
1815,6/8/2021,PET (4),8,15,8,22
1816,6/8/2021,tOPS,0,13,14,23
1817,6/9/2021,Fixed (20),0,2,0,17
1818,6/9/2021,Fixed (4),0,10,0,17
1819,6/9/2021,Hist Prev (20),0,5,0,17
1820,6/9/2021,Hist Prev (4),0,10,0,17
1821,6/9/2021,Individual,0,0,0,55
1822,6/9/2021,PET (20),4,1,0,17
1823,6/9/2021,PET (4),4,6,0,17
1824,6/9/2021,tOPS,0,2,0,17
1825,6/10/2021,Fixed (20),0,3,0,45
1826,6/10/2021,Fixed (4),0,11,0,45
1827,6/10/2021,Hist Prev (20),0,6,0,45
1828,6/10/2021,Hist Prev (4),0,11,0,45
1829,6/10/2021,Individual,0,0,0,87
1830,6/10/2021,PET (20),4,1,0,45
1831,6/10/2021,PET (4),4,7,0,45
1832,6/10/2021,tOPS,0,3,0,45
1833,6/11/2021,Fixed (20),0,0,0,37
1834,6/11/2021,Fixed (4),0,0,0,37
1835,6/11/2021,Hist Prev (20),0,0,0,37
1836,6/11/2021,Hist Prev (4),0,0,0,37
1837,6/11/2021,Individual,0,0,0,37
1838,6/11/2021,PET (20),0,0,0,37
1839,6/11/2021,PET (4),0,0,0,37
1840,6/11/2021,tOPS,0,0,0,37
1841,6/14/2021,Fixed (20),0,0,0,20
1842,6/14/2021,Fixed (4),0,0,0,20
1843,6/14/2021,Hist Prev (20),0,0,0,20
1844,6/14/2021,Hist Prev (4),0,0,0,20
1845,6/14/2021,Individual,0,0,0,20
1846,6/14/2021,PET (20),0,0,0,20
1847,6/14/2021,PET (4),0,0,0,20
1848,6/14/2021,tOPS,0,0,0,20
1849,6/15/2021,Fixed (20),0,4,0,36
1850,6/15/2021,Fixed (4),0,20,0,36
1851,6/15/2021,Hist Prev (20),0,15,0,36
1852,6/15/2021,Hist Prev (4),0,20,0,36
1853,6/15/2021,Individual,0,0,0,114
1854,6/15/2021,PET (20),8,2,0,36
1855,6/15/2021,PET (4),8,13,0,36
1856,6/15/2021,tOPS,0,4,0,36
1857,6/16/2021,Fixed (20),0,0,0,12
1858,6/16/2021,Fixed (4),0,0,0,12
1859,6/16/2021,Hist Prev (20),0,0,0,12
1860,6/16/2021,Hist Prev (4),0,0,0,12
1861,6/16/2021,Individual,0,0,0,12
1862,6/16/2021,PET (20),0,0,0,12
1863,6/16/2021,PET (4),0,0,0,12
1864,6/16/2021,tOPS,0,0,0,12
1865,6/17/2021,Fixed (20),0,0,0,35
1866,6/17/2021,Fixed (4),0,0,0,35
1867,6/17/2021,Hist Prev (20),0,0,0,35
1868,6/17/2021,Hist Prev (4),0,0,0,35
1869,6/17/2021,Individual,0,0,0,35
1870,6/17/2021,PET (20),0,0,0,35
1871,6/17/2021,PET (4),0,0,0,35
1872,6/17/2021,tOPS,0,0,0,35
1873,6/21/2021,Fixed (20),0,0,0,40
1874,6/21/2021,Fixed (4),0,0,0,40
1875,6/21/2021,Hist Prev (20),0,0,0,40
1876,6/21/2021,Hist Prev (4),0,0,0,40
1877,6/21/2021,Individual,0,0,0,40
1878,6/21/2021,PET (20),0,0,0,40
1879,6/21/2021,PET (4),0,0,0,40
1880,6/21/2021,tOPS,0,0,0,40
1881,6/22/2021,Fixed (20),0,2,0,51
1882,6/22/2021,Fixed (4),0,8,0,52
1883,6/22/2021,Hist Prev (20),0,4,0,52
1884,6/22/2021,Hist Prev (4),0,8,0,52
1885,6/22/2021,Individual,0,0,0,84
1886,6/22/2021,PET (20),3,1,0,51
1887,6/22/2021,PET (4),3,6,0,51
1888,6/22/2021,tOPS,0,2,0,51
1889,6/23/2021,Fixed (20),0,3,0,31
1890,6/23/2021,Fixed (4),0,11,0,31
1891,6/23/2021,Hist Prev (20),0,11,0,31
1892,6/23/2021,Hist Prev (4),0,11,0,31
1893,6/23/2021,Individual,0,0,0,74
1894,6/23/2021,PET (20),4,1,0,31
1895,6/23/2021,PET (4),4,7,0,31
1896,6/23/2021,tOPS,0,3,0,31
1897,6/24/2021,Fixed (20),0,2,0,16
1898,6/24/2021,Fixed (4),0,8,0,16
1899,6/24/2021,Hist Prev (20),0,4,0,16
1900,6/24/2021,Hist Prev (4),0,8,0,16
1901,6/24/2021,Individual,0,0,0,47
1902,6/24/2021,PET (20),3,1,0,16
1903,6/24/2021,PET (4),3,5,0,16
1904,6/24/2021,tOPS,0,2,0,16
1905,6/25/2021,Fixed (20),0,13,0,38
1906,6/25/2021,Fixed (4),0,58,0,39
1907,6/25/2021,Hist Prev (20),0,52,0,38
1908,6/25/2021,Hist Prev (4),0,58,0,39
1909,6/25/2021,Individual,0,0,0,271
1910,6/25/2021,PET (20),20,7,0,38
1911,6/25/2021,PET (4),20,42,0,38
1912,6/25/2021,tOPS,0,13,0,38
1913,6/28/2021,Fixed (20),0,0,0,167
1914,6/28/2021,Fixed (4),0,0,0,167
1915,6/28/2021,Hist Prev (20),0,0,0,167
1916,6/28/2021,Hist Prev (4),0,0,0,167
1917,6/28/2021,Individual,0,0,0,167
1918,6/28/2021,PET (20),0,0,0,167
1919,6/28/2021,PET (4),0,0,0,167
1920,6/28/2021,tOPS,0,0,0,167
1921,6/29/2021,Fixed (20),0,2,0,40
1922,6/29/2021,Fixed (4),0,8,0,40
1923,6/29/2021,Hist Prev (20),0,4,0,40
1924,6/29/2021,Hist Prev (4),0,8,0,40
1925,6/29/2021,Individual,0,0,0,72
1926,6/29/2021,PET (20),3,1,0,40
1927,6/29/2021,PET (4),3,5,0,40
1928,6/29/2021,tOPS,0,2,0,40
1929,6/30/2021,Fixed (20),0,0,0,35
1930,6/30/2021,Fixed (4),0,0,0,35
1931,6/30/2021,Hist Prev (20),0,0,0,35
1932,6/30/2021,Hist Prev (4),0,0,0,35
1933,6/30/2021,Individual,0,0,0,35
1934,6/30/2021,PET (20),0,0,0,35
1935,6/30/2021,PET (4),0,0,0,35
1936,6/30/2021,tOPS,0,0,0,35
1937,7/1/2021,Fixed (20),0,0,0,28
1938,7/1/2021,Fixed (4),0,0,0,28
1939,7/1/2021,Hist Prev (20),0,0,0,28
1940,7/1/2021,Hist Prev (4),0,0,0,28
1941,7/1/2021,Individual,0,0,0,28
1942,7/1/2021,PET (20),0,0,0,28
1943,7/1/2021,PET (4),0,0,0,28
1944,7/1/2021,tOPS,0,0,0,28
1945,7/2/2021,Fixed (20),0,0,0,67
1946,7/2/2021,Fixed (4),0,0,0,67
1947,7/2/2021,Hist Prev (20),0,0,0,67
1948,7/2/2021,Hist Prev (4),0,0,0,67
1949,7/2/2021,Individual,0,0,0,67
1950,7/2/2021,PET (20),0,0,0,67
1951,7/2/2021,PET (4),0,0,0,67
1952,7/2/2021,tOPS,0,0,0,67
1953,7/6/2021,Fixed (20),0,0,0,36
1954,7/6/2021,Fixed (4),0,0,0,36
1955,7/6/2021,Hist Prev (20),0,0,0,36
1956,7/6/2021,Hist Prev (4),0,0,0,36
1957,7/6/2021,Individual,0,0,0,36
1958,7/6/2021,PET (20),0,0,0,36
1959,7/6/2021,PET (4),0,0,0,36
1960,7/6/2021,tOPS,0,0,0,36
1961,7/7/2021,Fixed (20),0,2,0,25
1962,7/7/2021,Fixed (4),0,9,0,25
1963,7/7/2021,Hist Prev (20),0,5,0,25
1964,7/7/2021,Hist Prev (4),0,9,0,25
1965,7/7/2021,Individual,0,0,0,60
1966,7/7/2021,PET (20),3,1,0,25
1967,7/7/2021,PET (4),3,6,0,25
1968,7/7/2021,tOPS,0,2,0,25
1969,7/8/2021,Fixed (20),0,2,20,85
1970,7/8/2021,Fixed (4),0,7,8,85
1971,7/8/2021,Hist Prev (20),0,4,16,85
1972,7/8/2021,Hist Prev (4),0,7,8,85
1973,7/8/2021,Individual,0,0,0,111
1974,7/8/2021,PET (20),3,4,7,86
1975,7/8/2021,PET (4),3,4,7,86
1976,7/8/2021,tOPS,0,2,20,85
1977,7/9/2021,Fixed (20),0,2,0,33
1978,7/9/2021,Fixed (4),0,7,0,33
1979,7/9/2021,Hist Prev (20),0,4,0,33
1980,7/9/2021,Hist Prev (4),0,7,0,33
1981,7/9/2021,Individual,0,0,0,61
1982,7/9/2021,PET (20),3,1,0,33
1983,7/9/2021,PET (4),3,4,0,33
1984,7/9/2021,tOPS,0,2,0,33
1985,7/12/2021,Fixed (20),0,0,0,35
1986,7/12/2021,Fixed (4),0,0,0,35
1987,7/12/2021,Hist Prev (20),0,0,0,35
1988,7/12/2021,Hist Prev (4),0,0,0,35
1989,7/12/2021,Individual,0,0,0,35
1990,7/12/2021,PET (20),0,0,0,35
1991,7/12/2021,PET (4),0,0,0,35
1992,7/12/2021,tOPS,0,0,0,35
1993,7/13/2021,Fixed (20),0,5,0,26
1994,7/13/2021,Fixed (4),0,24,0,26
1995,7/13/2021,Hist Prev (20),0,17,0,26
1996,7/13/2021,Hist Prev (4),0,24,0,26
1997,7/13/2021,Individual,0,0,0,122
1998,7/13/2021,PET (20),9,3,0,26
1999,7/13/2021,PET (4),9,17,0,27
2000,7/13/2021,tOPS,0,5,0,26
2001,7/14/2021,Fixed (20),0,0,0,39
2002,7/14/2021,Fixed (4),0,0,0,39
2003,7/14/2021,Hist Prev (20),0,0,0,39
2004,7/14/2021,Hist Prev (4),0,0,0,39
2005,7/14/2021,Individual,0,0,0,39
2006,7/14/2021,PET (20),0,0,0,39
2007,7/14/2021,PET (4),0,0,0,39
2008,7/14/2021,tOPS,0,0,0,39
2009,7/15/2021,Fixed (20),0,0,0,58
2010,7/15/2021,Fixed (4),0,0,0,58
2011,7/15/2021,Hist Prev (20),0,0,0,58
2012,7/15/2021,Hist Prev (4),0,0,0,58
2013,7/15/2021,Individual,0,0,0,58
2014,7/15/2021,PET (20),0,0,0,58
2015,7/15/2021,PET (4),0,0,0,58
2016,7/15/2021,tOPS,0,0,0,58
2017,7/16/2021,Fixed (20),0,0,0,28
2018,7/16/2021,Fixed (4),0,0,0,28
2019,7/16/2021,Hist Prev (20),0,0,0,28
2020,7/16/2021,Hist Prev (4),0,0,0,28
2021,7/16/2021,Individual,0,0,0,28
2022,7/16/2021,PET (20),0,0,0,28
2023,7/16/2021,PET (4),0,0,0,28
2024,7/16/2021,tOPS,0,0,0,28
2025,7/19/2021,Fixed (20),0,0,0,31
2026,7/19/2021,Fixed (4),0,0,0,31
2027,7/19/2021,Hist Prev (20),0,0,0,31
2028,7/19/2021,Hist Prev (4),0,0,0,31
2029,7/19/2021,Individual,0,0,0,31
2030,7/19/2021,PET (20),0,0,0,31
2031,7/19/2021,PET (4),0,0,0,31
2032,7/19/2021,tOPS,0,0,0,31
2033,7/20/2021,Fixed (20),0,4,20,28
2034,7/20/2021,Fixed (4),0,16,4,28
2035,7/20/2021,Hist Prev (20),0,13,4,28
2036,7/20/2021,Hist Prev (4),0,16,4,28
2037,7/20/2021,Individual,0,0,0,91
2038,7/20/2021,PET (20),6,2,20,28
2039,7/20/2021,PET (4),6,10,4,28
2040,7/20/2021,tOPS,0,7,7,29
2041,7/21/2021,Fixed (20),0,4,40,25
2042,7/21/2021,Fixed (4),0,16,12,25
2043,7/21/2021,Hist Prev (20),0,8,23,25
2044,7/21/2021,Hist Prev (4),0,16,12,25
2045,7/21/2021,Individual,0,0,0,88
2046,7/21/2021,PET (20),6,9,13,25
2047,7/21/2021,PET (4),6,11,11,26
2048,7/21/2021,tOPS,0,4,40,25
2049,7/22/2021,Fixed (20),0,2,0,28
2050,7/22/2021,Fixed (4),0,8,0,28
2051,7/22/2021,Hist Prev (20),0,4,0,28
2052,7/22/2021,Hist Prev (4),0,8,0,28
2053,7/22/2021,Individual,0,0,0,59
2054,7/22/2021,PET (20),3,1,0,28
2055,7/22/2021,PET (4),3,5,0,28
2056,7/22/2021,tOPS,0,2,0,28
2057,7/23/2021,Fixed (20),0,0,0,123
2058,7/23/2021,Fixed (4),0,0,0,123
2059,7/23/2021,Hist Prev (20),0,0,0,123
2060,7/23/2021,Hist Prev (4),0,0,0,123
2061,7/23/2021,Individual,0,0,0,123
2062,7/23/2021,PET (20),0,0,0,123
2063,7/23/2021,PET (4),0,0,0,123
2064,7/23/2021,tOPS,0,0,0,123
2065,7/26/2021,Fixed (20),0,0,0,28
2066,7/26/2021,Fixed (4),0,0,0,28
2067,7/26/2021,Hist Prev (20),0,0,0,28
2068,7/26/2021,Hist Prev (4),0,0,0,28
2069,7/26/2021,Individual,0,0,0,28
2070,7/26/2021,PET (20),0,0,0,28
2071,7/26/2021,PET (4),0,0,0,28
2072,7/26/2021,tOPS,0,0,0,28
2073,7/27/2021,Fixed (20),0,4,57,50
2074,7/27/2021,Fixed (4),0,17,16,52
2075,7/27/2021,Hist Prev (20),0,13,20,52
2076,7/27/2021,Hist Prev (4),0,17,16,52
2077,7/27/2021,Individual,0,0,0,120
2078,7/27/2021,PET (20),7,7,31,51
2079,7/27/2021,PET (4),7,12,15,51
2080,7/27/2021,tOPS,0,11,32,51
2081,7/28/2021,Fixed (20),0,0,0,742
2082,7/28/2021,Fixed (4),0,0,0,742
2083,7/28/2021,Hist Prev (20),0,0,0,742
2084,7/28/2021,Hist Prev (4),0,0,0,742
2085,7/28/2021,Individual,0,0,0,742
2086,7/28/2021,PET (20),0,0,0,742
2087,7/28/2021,PET (4),0,0,0,742
2088,7/28/2021,tOPS,0,0,0,742
2089,7/29/2021,Fixed (20),0,0,0,151
2090,7/29/2021,Fixed (4),0,0,0,151
2091,7/29/2021,Hist Prev (20),0,0,0,151
2092,7/29/2021,Hist Prev (4),0,0,0,151
2093,7/29/2021,Individual,0,0,0,151
2094,7/29/2021,PET (20),0,0,0,151
2095,7/29/2021,PET (4),0,0,0,151
2096,7/29/2021,tOPS,0,0,0,151
2097,7/30/2021,Fixed (20),0,0,0,138
2098,7/30/2021,Fixed (4),0,0,0,138
2099,7/30/2021,Hist Prev (20),0,0,0,138
2100,7/30/2021,Hist Prev (4),0,0,0,138
2101,7/30/2021,Individual,0,0,0,138
2102,7/30/2021,PET (20),0,0,0,138
2103,7/30/2021,PET (4),0,0,0,138
2104,7/30/2021,tOPS,0,0,0,138
2105,8/2/2021,Fixed (20),0,0,0,21
2106,8/2/2021,Fixed (4),0,0,0,21
2107,8/2/2021,Hist Prev (20),0,0,0,21
2108,8/2/2021,Hist Prev (4),0,0,0,21
2109,8/2/2021,Individual,0,0,0,21
2110,8/2/2021,PET (20),0,0,0,21
2111,8/2/2021,PET (4),0,0,0,21
2112,8/2/2021,tOPS,0,0,0,21
2113,8/3/2021,Fixed (20),0,3,39,119
2114,8/3/2021,Fixed (4),0,15,8,119
2115,8/3/2021,Hist Prev (20),0,15,8,119
2116,8/3/2021,Hist Prev (4),0,15,8,119
2117,8/3/2021,Individual,0,0,0,178
2118,8/3/2021,PET (20),5,2,20,119
2119,8/3/2021,PET (4),5,11,8,119
2120,8/3/2021,tOPS,0,10,12,119
2121,8/4/2021,Fixed (20),0,2,0,37
2122,8/4/2021,Fixed (4),0,8,0,37
2123,8/4/2021,Hist Prev (20),0,4,0,37
2124,8/4/2021,Hist Prev (4),0,8,0,37
2125,8/4/2021,Individual,0,0,0,68
2126,8/4/2021,PET (20),3,1,0,37
2127,8/4/2021,PET (4),3,5,0,37
2128,8/4/2021,tOPS,0,2,0,37
2129,8/5/2021,Fixed (20),0,2,0,154
2130,8/5/2021,Fixed (4),0,7,0,154
2131,8/5/2021,Hist Prev (20),0,4,0,154
2132,8/5/2021,Hist Prev (4),0,7,0,154
2133,8/5/2021,Individual,0,0,0,182
2134,8/5/2021,PET (20),3,1,0,154
2135,8/5/2021,PET (4),3,4,0,154
2136,8/5/2021,tOPS,0,2,0,154
2137,8/6/2021,Fixed (20),0,2,0,115
2138,8/6/2021,Fixed (4),0,10,0,115
2139,8/6/2021,Hist Prev (20),0,5,0,115
2140,8/6/2021,Hist Prev (4),0,10,0,115
2141,8/6/2021,Individual,0,0,0,153
2142,8/6/2021,PET (20),4,1,0,115
2143,8/6/2021,PET (4),4,6,0,115
2144,8/6/2021,tOPS,0,2,0,115
2145,8/9/2021,Fixed (20),0,4,78,44
2146,8/9/2021,Fixed (4),0,20,28,44
2147,8/9/2021,Hist Prev (20),0,20,28,44
2148,8/9/2021,Hist Prev (4),0,20,28,44
2149,8/9/2021,Individual,0,0,0,122
2150,8/9/2021,PET (20),7,14,26,44
2151,8/9/2021,PET (4),7,14,24,45
2152,8/9/2021,tOPS,0,20,28,44
2153,8/10/2021,Fixed (20),0,6,48,35
2154,8/10/2021,Fixed (4),0,25,28,35
2155,8/10/2021,Hist Prev (20),0,15,33,35
2156,8/10/2021,Hist Prev (4),0,25,28,35
2157,8/10/2021,Individual,0,0,0,133
2158,8/10/2021,PET (20),9,6,38,36
2159,8/10/2021,PET (4),9,17,22,36
2160,8/10/2021,tOPS,0,17,27,36
2161,8/11/2021,Fixed (20),0,2,0,146
2162,8/11/2021,Fixed (4),0,6,0,147
2163,8/11/2021,Hist Prev (20),0,3,0,146
2164,8/11/2021,Hist Prev (4),0,6,0,147
2165,8/11/2021,Individual,0,0,0,171
2166,8/11/2021,PET (20),3,1,0,146
2167,8/11/2021,PET (4),3,4,0,146
2168,8/11/2021,tOPS,0,2,0,146
2169,8/12/2021,Fixed (20),0,7,0,191
2170,8/12/2021,Fixed (4),0,33,0,191
2171,8/12/2021,Hist Prev (20),0,15,0,191
2172,8/12/2021,Hist Prev (4),0,33,0,191
2173,8/12/2021,Individual,0,0,0,322
2174,8/12/2021,PET (20),11,4,0,191
2175,8/12/2021,PET (4),11,24,0,191
2176,8/12/2021,tOPS,0,7,0,191
2177,8/13/2021,Fixed (20),0,5,85,193
2178,8/13/2021,Fixed (4),0,21,52,194
2179,8/13/2021,Hist Prev (20),0,21,52,194
2180,8/13/2021,Hist Prev (4),0,21,52,194
2181,8/13/2021,Individual,0,0,0,278
2182,8/13/2021,PET (20),8,15,42,194
2183,8/13/2021,PET (4),8,15,39,194
2184,8/13/2021,tOPS,0,25,45,195
2185,8/16/2021,Fixed (20),0,0,0,83
2186,8/16/2021,Fixed (4),0,0,0,83
2187,8/16/2021,Hist Prev (20),0,0,0,83
2188,8/16/2021,Hist Prev (4),0,0,0,83
2189,8/16/2021,Individual,0,0,0,83
2190,8/16/2021,PET (20),0,0,0,83
2191,8/16/2021,PET (4),0,0,0,83
2192,8/16/2021,tOPS,0,0,0,83
2193,8/17/2021,Fixed (20),0,8,20,95
2194,8/17/2021,Fixed (4),0,37,4,95
2195,8/17/2021,Hist Prev (20),0,17,9,95
2196,8/17/2021,Hist Prev (4),0,37,4,95
2197,8/17/2021,Individual,0,0,0,242
2198,8/17/2021,PET (20),13,5,20,95
2199,8/17/2021,PET (4),13,27,4,95
2200,8/17/2021,tOPS,0,12,13,95
2201,8/18/2021,Fixed (20),0,4,0,144
2202,8/18/2021,Fixed (4),0,17,0,144
2203,8/18/2021,Hist Prev (20),0,8,0,144
2204,8/18/2021,Hist Prev (4),0,17,0,144
2205,8/18/2021,Individual,0,0,0,210
2206,8/18/2021,PET (20),6,2,0,144
2207,8/18/2021,PET (4),6,12,0,144
2208,8/18/2021,tOPS,0,4,0,144
2209,8/19/2021,Fixed (20),0,3,0,77
2210,8/19/2021,Fixed (4),0,14,0,78
2211,8/19/2021,Hist Prev (20),0,7,0,77
2212,8/19/2021,Hist Prev (4),0,14,0,78
2213,8/19/2021,Individual,0,0,0,134
2214,8/19/2021,PET (20),5,2,0,77
2215,8/19/2021,PET (4),5,10,0,77
2216,8/19/2021,tOPS,0,3,0,77
2217,8/20/2021,Fixed (20),0,7,51,198
2218,8/20/2021,Fixed (4),0,30,19,199
2219,8/20/2021,Hist Prev (20),0,21,19,198
2220,8/20/2021,Hist Prev (4),0,30,19,199
2221,8/20/2021,Individual,0,0,0,318
2222,8/20/2021,PET (20),11,11,15,198
2223,8/20/2021,PET (4),11,21,15,198
2224,8/20/2021,tOPS,0,13,24,198
2225,8/23/2021,Fixed (20),0,4,0,80
2226,8/23/2021,Fixed (4),0,18,0,81
2227,8/23/2021,Hist Prev (20),0,8,0,81
2228,8/23/2021,Hist Prev (4),0,18,0,81
2229,8/23/2021,Individual,0,0,0,153
2230,8/23/2021,PET (20),7,2,0,80
2231,8/23/2021,PET (4),7,13,0,80
2232,8/23/2021,tOPS,0,4,0,80
2233,8/24/2021,Fixed (20),0,25,110,79
2234,8/24/2021,Fixed (4),0,119,30,79
2235,8/24/2021,Hist Prev (20),0,60,45,79
2236,8/24/2021,Hist Prev (4),0,119,30,79
2237,8/24/2021,Individual,0,0,0,551
2238,8/24/2021,PET (20),41,36,40,79
2239,8/24/2021,PET (4),41,86,26,79
2240,8/24/2021,tOPS,0,46,57,79
2241,8/25/2021,Fixed (20),0,17,69,427
2242,8/25/2021,Fixed (4),0,78,28,429
2243,8/25/2021,Hist Prev (20),0,39,38,428
2244,8/25/2021,Hist Prev (4),0,78,28,429
2245,8/25/2021,Individual,0,0,0,741
2246,8/25/2021,PET (20),27,15,37,427
2247,8/25/2021,PET (4),27,58,25,428
2248,8/25/2021,tOPS,0,26,53,427
2249,8/26/2021,Fixed (20),0,17,40,178
2250,8/26/2021,Fixed (4),0,83,8,179
2251,8/26/2021,Hist Prev (20),0,37,18,178
2252,8/26/2021,Hist Prev (4),0,83,8,179
2253,8/26/2021,Individual,0,0,0,511
2254,8/26/2021,PET (20),28,12,40,178
2255,8/26/2021,PET (4),28,62,8,179
2256,8/26/2021,tOPS,0,24,28,178
2257,8/27/2021,Fixed (20),0,25,100,148
2258,8/27/2021,Fixed (4),0,117,56,149
2259,8/27/2021,Hist Prev (20),0,69,61,149
2260,8/27/2021,Hist Prev (4),0,117,56,149
2261,8/27/2021,Individual,0,0,0,614
2262,8/27/2021,PET (20),40,34,62,149
2263,8/27/2021,PET (4),40,91,46,150
2264,8/27/2021,tOPS,0,47,62,149
2265,8/30/2021,Fixed (20),0,20,140,80
2266,8/30/2021,Fixed (4),0,99,36,81
2267,8/30/2021,Hist Prev (20),0,44,72,81
2268,8/30/2021,Hist Prev (4),0,99,36,81
2269,8/30/2021,Individual,0,0,0,477
2270,8/30/2021,PET (20),34,36,54,80
2271,8/30/2021,PET (4),34,73,33,80
2272,8/30/2021,tOPS,0,50,66.5,80
2273,8/31/2021,Fixed (20),0,40,271,130
2274,8/31/2021,Fixed (4),0,199,126,130
2275,8/31/2021,Hist Prev (20),0,120,144,130
2276,8/31/2021,Hist Prev (4),0,209,114,130
2277,8/31/2021,Individual,0,0,0,921
2278,8/31/2021,PET (20),67,69,142,131
2279,8/31/2021,PET (4),67,154,105,131
2280,8/31/2021,tOPS,0,97,171,131
2281,9/1/2021,Fixed (20),0,114,1057,91
2282,9/1/2021,Fixed (4),0,569,264,92
2283,9/1/2021,Hist Prev (20),0,351,477,92
2284,9/1/2021,Hist Prev (4),0,606,253,92
2285,9/1/2021,Individual,0,0,0,2368
2286,9/1/2021,PET (20),191,243,369,91
2287,9/1/2021,PET (4),191,425,248,92
2288,9/1/2021,tOPS,0,326,448,91
2289,9/2/2021,Fixed (20),0,26,288,181
2290,9/2/2021,Fixed (4),0,124,88,181
2291,9/2/2021,Hist Prev (20),0,59,160,181
2292,9/2/2021,Hist Prev (4),0,124,88,181
2293,9/2/2021,Individual,0,0,0,676
2294,9/2/2021,PET (20),42,74,100,182
2295,9/2/2021,PET (4),42,91,83,182
2296,9/2/2021,tOPS,0,87,117,182
2297,9/3/2021,Fixed (20),0,36,193,60
2298,9/3/2021,Fixed (4),0,176,76,61
2299,9/3/2021,Hist Prev (20),0,100,106,61
2300,9/3/2021,Hist Prev (4),0,176,76,61
2301,9/3/2021,Individual,0,0,0,764
2302,9/3/2021,PET (20),60,46,94,61
2303,9/3/2021,PET (4),60,130,61,62
2304,9/3/2021,tOPS,0,78,108,62
2305,9/7/2021,Fixed (20),0,21,140,257
2306,9/7/2021,Fixed (4),0,103,32,258
2307,9/7/2021,Hist Prev (20),0,46,71,257
2308,9/7/2021,Hist Prev (4),0,103,32,258
2309,9/7/2021,Individual,0,0,0,670
2310,9/7/2021,PET (20),35,38,54,257
2311,9/7/2021,PET (4),35,77,30,257
2312,9/7/2021,tOPS,0,52,64,257
2313,9/8/2021,Fixed (20),0,24,217,260
2314,9/8/2021,Fixed (4),0,119,72,261
2315,9/8/2021,Hist Prev (20),0,61,113,261
2316,9/8/2021,Hist Prev (4),0,119,72,261
2317,9/8/2021,Individual,0,0,0,736
2318,9/8/2021,PET (20),40,53,89,260
2319,9/8/2021,PET (4),40,92,64,260
2320,9/8/2021,tOPS,0,72,99,260
2321,9/9/2021,Fixed (20),0,40,178,157
2322,9/9/2021,Fixed (4),0,198,50,157
2323,9/9/2021,Hist Prev (20),0,129,55,157
2324,9/9/2021,Hist Prev (4),0,209,45,157
2325,9/9/2021,Individual,0,0,0,944
2326,9/9/2021,PET (20),67,48,86,157
2327,9/9/2021,PET (4),67,145,45,158
2328,9/9/2021,tOPS,0,74,88,157
2329,9/10/2021,Fixed (20),0,37,277,177
2330,9/10/2021,Fixed (4),0,185,68,177
2331,9/10/2021,Hist Prev (20),0,93,123,178
2332,9/10/2021,Hist Prev (4),0,185,68,177
2333,9/10/2021,Individual,0,0,0,914
2334,9/10/2021,PET (20),62,75,97,177
2335,9/10/2021,PET (4),62,137,63,178
2336,9/10/2021,tOPS,0,93,123,178
2337,9/13/2021,Fixed (20),0,35,136,232
2338,9/13/2021,Fixed (4),0,172,28,232
2339,9/13/2021,Hist Prev (20),0,81,63,232
2340,9/13/2021,Hist Prev (4),0,172,28,232
2341,9/13/2021,Individual,0,0,0,920
2342,9/13/2021,PET (20),58,50,56,233
2343,9/13/2021,PET (4),58,127,26,232
2344,9/13/2021,tOPS,0,49,98,232
2345,9/14/2021,Fixed (20),0,30,72,156
2346,9/14/2021,Fixed (4),0,141,16,158
2347,9/14/2021,Hist Prev (20),0,75,26,157
2348,9/14/2021,Hist Prev (4),0,141,16,158
2349,9/14/2021,Individual,0,0,0,722
2350,9/14/2021,PET (20),49,20,40,156
2351,9/14/2021,PET (4),49,104,16,157
2352,9/14/2021,tOPS,0,43,46,156
2353,9/15/2021,Fixed (20),0,35,254,132
2354,9/15/2021,Fixed (4),0,162,84,133
2355,9/15/2021,Hist Prev (20),0,101,108,132
2356,9/15/2021,Hist Prev (4),0,166,82,133
2357,9/15/2021,Individual,0,0,0,777
2358,9/15/2021,PET (20),56,55,98,133
2359,9/15/2021,PET (4),56,118,74,134
2360,9/15/2021,tOPS,0,86,122,132
2361,9/16/2021,Fixed (20),0,33,140,245
2362,9/16/2021,Fixed (4),0,158,36,246
2363,9/16/2021,Hist Prev (20),0,96,44,245
2364,9/16/2021,Hist Prev (4),0,163,34,246
2365,9/16/2021,Individual,0,0,0,877
2366,9/16/2021,PET (20),54,38,71,244
2367,9/16/2021,PET (4),54,116,33,244
2368,9/16/2021,tOPS,0,56,69,245
2369,9/17/2021,Fixed (20),0,38,391,121
2370,9/17/2021,Fixed (4),0,181,131,121
2371,9/17/2021,Hist Prev (20),0,127,169,122
2372,9/17/2021,Hist Prev (4),0,185,129,122
2373,9/17/2021,Individual,0,0,0,844
2374,9/17/2021,PET (20),62,86,141,121
2375,9/17/2021,PET (4),62,132,119,122
2376,9/17/2021,tOPS,0,121,170,121
2377,9/20/2021,Fixed (20),0,26,114,105
2378,9/20/2021,Fixed (4),0,129,46,105
2379,9/20/2021,Hist Prev (20),0,70,57,104
2380,9/20/2021,Hist Prev (4),0,133,42,105
2381,9/20/2021,Individual,0,0,0,619
2382,9/20/2021,PET (20),44,41,54,104
2383,9/20/2021,PET (4),44,99,38,104
2384,9/20/2021,tOPS,0,54,69,104
2385,9/21/2021,Fixed (20),0,33,159,481
2386,9/21/2021,Fixed (4),0,158,71,482
2387,9/21/2021,Hist Prev (20),0,93,76,481
2388,9/21/2021,Hist Prev (4),0,158,71,482
2389,9/21/2021,Individual,0,0,0,1113
2390,9/21/2021,PET (20),54,52,77,482
2391,9/21/2021,PET (4),54,125,61,482
2392,9/21/2021,tOPS,0,61,87,481
2393,9/22/2021,Fixed (20),0,32,231,117
2394,9/22/2021,Fixed (4),0,157,88,117
2395,9/22/2021,Hist Prev (20),0,109,103,118
2396,9/22/2021,Hist Prev (4),0,163,87,117
2397,9/22/2021,Individual,0,0,0,742
2398,9/22/2021,PET (20),54,53,114,116
2399,9/22/2021,PET (4),54,115,79,116
2400,9/22/2021,tOPS,0,79,109,117
2401,9/23/2021,Fixed (20),0,20,165,251
2402,9/23/2021,Fixed (4),0,95,52,252
2403,9/23/2021,Hist Prev (20),0,60,67,252
2404,9/23/2021,Hist Prev (4),0,95,52,252
2405,9/23/2021,Individual,0,0,0,632
2406,9/23/2021,PET (20),33,44,58,251
2407,9/23/2021,PET (4),33,70,48,251
2408,9/23/2021,tOPS,0,57,70,252
2409,9/24/2021,Fixed (20),0,31,180,90
2410,9/24/2021,Fixed (4),0,155,52,90
2411,9/24/2021,Hist Prev (20),0,105,57,90
2412,9/24/2021,Hist Prev (4),0,155,52,90
2413,9/24/2021,Individual,0,0,0,708
2414,9/24/2021,PET (20),53,48,72,91
2415,9/24/2021,PET (4),53,114,47.5,91
2416,9/24/2021,tOPS,0,67,79,90
2417,9/27/2021,Fixed (20),0,27,200,52
2418,9/27/2021,Fixed (4),0,129,52,52
2419,9/27/2021,Hist Prev (20),0,72,90,53
2420,9/27/2021,Hist Prev (4),0,134,50,53
2421,9/27/2021,Individual,0,0,0,566
2422,9/27/2021,PET (20),44,50,76,52
2423,9/27/2021,PET (4),44,95,49,54
2424,9/27/2021,tOPS,0,62,97,52
2425,9/28/2021,Fixed (20),0,25,79,394
2426,9/28/2021,Fixed (4),0,123,39,394
2427,9/28/2021,Hist Prev (20),0,63,44,394
2428,9/28/2021,Hist Prev (4),0,123,39,394
2429,9/28/2021,Individual,0,0,0,884
2430,9/28/2021,PET (20),41,30,47,394
2431,9/28/2021,PET (4),41,94,31,394
2432,9/28/2021,tOPS,0,42,47,394
2433,9/29/2021,Fixed (20),0,37,253,61
2434,9/29/2021,Fixed (4),0,173,96,64
2435,9/29/2021,Hist Prev (20),0,112,123,62
2436,9/29/2021,Hist Prev (4),0,173,96,64
2437,9/29/2021,Individual,0,0,0,755
2438,9/29/2021,PET (20),59,75,100,62
2439,9/29/2021,PET (4),59,138,83,62
2440,9/29/2021,tOPS,0,86,124,62
2441,9/30/2021,Fixed (20),0,28,96,240
2442,9/30/2021,Fixed (4),0,135,28,240
2443,9/30/2021,Hist Prev (20),0,68,38,240
2444,9/30/2021,Hist Prev (4),0,135,28,240
2445,9/30/2021,Individual,0,0,0,780
2446,9/30/2021,PET (20),46,28,55,242
2447,9/30/2021,PET (4),46,100,23,242
2448,9/30/2021,tOPS,0,40,54,241
2449,10/1/2021,Fixed (20),0,39,389,55
2450,10/1/2021,Fixed (4),0,188,150,56
2451,10/1/2021,Hist Prev (20),0,139,175,56
2452,10/1/2021,Hist Prev (4),0,197,142,56
2453,10/1/2021,Individual,0,0,0,805
2454,10/1/2021,PET (20),66,71,139,81
2455,10/1/2021,PET (4),66,131,118,81
2456,10/1/2021,tOPS,0,116,194,55
2457,10/4/2021,Fixed (20),0,14,49,56
2458,10/4/2021,Fixed (4),0,65,24,57
2459,10/4/2021,Hist Prev (20),0,40,18,57
2460,10/4/2021,Hist Prev (4),0,69,18,57
2461,10/4/2021,Individual,0,0,0,315
2462,10/4/2021,PET (20),23,18,18,57
2463,10/4/2021,PET (4),23,50,18,57
2464,10/4/2021,tOPS,0,23,24,57
2465,10/5/2021,Fixed (20),0,23,51,259
2466,10/5/2021,Fixed (4),0,112,19,259
2467,10/5/2021,Hist Prev (20),0,57,19,259
2468,10/5/2021,Hist Prev (4),0,112,19,259
2469,10/5/2021,Individual,0,0,0,705
2470,10/5/2021,PET (20),38,23,15,259
2471,10/5/2021,PET (4),38,83,15,259
2472,10/5/2021,tOPS,0,33,19,259
2473,10/6/2021,Fixed (20),0,29,80,85
2474,10/6/2021,Fixed (4),0,139,26,85
2475,10/6/2021,Hist Prev (20),0,96,29,86
2476,10/6/2021,Hist Prev (4),0,139,26,85
2477,10/6/2021,Individual,0,0,0,639
2478,10/6/2021,PET (20),48,29.5,42,85
2479,10/6/2021,PET (4),48,101,23,86
2480,10/6/2021,tOPS,0,49,36,85
2481,10/7/2021,Fixed (20),0,21,20,137
2482,10/7/2021,Fixed (4),0,102,4,137
2483,10/7/2021,Hist Prev (20),0,50,9,137
2484,10/7/2021,Hist Prev (4),0,102,4,137
2485,10/7/2021,Individual,0,0,0,541
2486,10/7/2021,PET (20),35,14,20,138
2487,10/7/2021,PET (4),35,74,4,138
2488,10/7/2021,tOPS,0,21,20,137
2489,10/8/2021,Fixed (20),0,19,80,68
2490,10/8/2021,Fixed (4),0,92,24,68
2491,10/8/2021,Hist Prev (20),0,51,29,68
2492,10/8/2021,Hist Prev (4),0,92,24,68
2493,10/8/2021,Individual,0,0,0,435
2494,10/8/2021,PET (20),31,21,38,68
2495,10/8/2021,PET (4),31,68,21,68
2496,10/8/2021,tOPS,0,34,38,68
2497,10/11/2021,Fixed (20),0,20,53,43
2498,10/11/2021,Fixed (4),0,96,28,44
2499,10/11/2021,Hist Prev (20),0,55,24,43
2500,10/11/2021,Hist Prev (4),0,101,24,43
2501,10/11/2021,Individual,0,0,0,426
2502,10/11/2021,PET (20),33,24,24,43
2503,10/11/2021,PET (4),33,73,24,43
2504,10/11/2021,tOPS,0,35,24,43
2505,10/12/2021,Fixed (20),0,18,0,156
2506,10/12/2021,Fixed (4),0,89,0,157
2507,10/12/2021,Hist Prev (20),0,40,0,156
2508,10/12/2021,Hist Prev (4),0,89,0,157
2509,10/12/2021,Individual,0,0,0,513
2510,10/12/2021,PET (20),30,13,0,156
2511,10/12/2021,PET (4),30,66,0,156
2512,10/12/2021,tOPS,0,18,0,156
2513,10/13/2021,Fixed (20),0,20,51,51
2514,10/13/2021,Fixed (4),0,92,20,52
2515,10/13/2021,Hist Prev (20),0,49,22,51
2516,10/13/2021,Hist Prev (4),0,92,20,52
2517,10/13/2021,Individual,0,0,0,417
2518,10/13/2021,PET (20),32,16,18,52
2519,10/13/2021,PET (4),32,67,18,53
2520,10/13/2021,tOPS,0,31,25,51
2521,10/14/2021,Fixed (20),0,41,39,74
2522,10/14/2021,Fixed (4),0,199,8,75
2523,10/14/2021,Hist Prev (20),0,124,13,74
2524,10/14/2021,Hist Prev (4),0,199,8,75
2525,10/14/2021,Individual,0,0,0,869
2526,10/14/2021,PET (20),68,28,40,74
2527,10/14/2021,PET (4),68,146,8,75
2528,10/14/2021,tOPS,0,45,27,74
2529,10/15/2021,Fixed (20),0,20,79,111
2530,10/15/2021,Fixed (4),0,97,24,111
2531,10/15/2021,Hist Prev (20),0,56,27,111
2532,10/15/2021,Hist Prev (4),0,97,24,111
2533,10/15/2021,Individual,0,0,0,496
2534,10/15/2021,PET (20),33,29,22,110
2535,10/15/2021,PET (4),33,71,22,111
2536,10/15/2021,tOPS,0,33,33,112
2537,10/18/2021,Fixed (20),0,10,75,70
2538,10/18/2021,Fixed (4),0,47,32,70
2539,10/18/2021,Hist Prev (20),0,29,39,70
2540,10/18/2021,Hist Prev (4),0,50,29,70
2541,10/18/2021,Individual,0,0,0,256
2542,10/18/2021,PET (20),16,11,41,70
2543,10/18/2021,PET (4),16,34,29,70
2544,10/18/2021,tOPS,0,29,39,70
2545,10/19/2021,Fixed (20),0,30,53,350
2546,10/19/2021,Fixed (4),0,148,20,351
2547,10/19/2021,Hist Prev (20),0,73,20,351
2548,10/19/2021,Hist Prev (4),0,148,20,351
2549,10/19/2021,Individual,0,0,0,941
2550,10/19/2021,PET (20),50,29,18,350
2551,10/19/2021,PET (4),50,109,18,350
2552,10/19/2021,tOPS,0,40,20,351
2553,10/20/2021,Fixed (20),0,20,40,46
2554,10/20/2021,Fixed (4),0,92,8,46
2555,10/20/2021,Hist Prev (20),0,76,9,48
2556,10/20/2021,Hist Prev (4),0,92,8,46
2557,10/20/2021,Individual,0,0,0,411
2558,10/20/2021,PET (20),33,12,37,46
2559,10/20/2021,PET (4),33,65,8,49
2560,10/20/2021,tOPS,0,27,12,46
2561,10/21/2021,Fixed (20),0,22,86,184
2562,10/21/2021,Fixed (4),0,104,36,184
2563,10/21/2021,Hist Prev (20),0,56,41,184
2564,10/21/2021,Hist Prev (4),0,104,36,184
2565,10/21/2021,Individual,0,0,0,596
2566,10/21/2021,PET (20),36,18,39,202
2567,10/21/2021,PET (4),36,70,20,202
2568,10/21/2021,tOPS,0,26,30,211
2569,10/22/2021,Fixed (20),0,19,78,39
2570,10/22/2021,Fixed (4),0,94,28,39
2571,10/22/2021,Hist Prev (20),0,53,28,39
2572,10/22/2021,Hist Prev (4),0,94,28,39
2573,10/22/2021,Individual,0,0,0,412
2574,10/22/2021,PET (20),32,25,26,39
2575,10/22/2021,PET (4),32,69,24,40
2576,10/22/2021,tOPS,0,35,28,39
2577,10/25/2021,Fixed (20),0,15,20,58
2578,10/25/2021,Fixed (4),0,75,4,58
2579,10/25/2021,Hist Prev (20),0,34,9,58
2580,10/25/2021,Hist Prev (4),0,75,4,58
2581,10/25/2021,Individual,0,0,0,357
2582,10/25/2021,PET (20),25,11,20,58
2583,10/25/2021,PET (4),25,56,4,58
2584,10/25/2021,tOPS,0,17,18,58
2585,10/26/2021,Fixed (20),0,22,50,164
2586,10/26/2021,Fixed (4),0,108,20,164
2587,10/26/2021,Hist Prev (20),0,56,20,164
2588,10/26/2021,Hist Prev (4),0,108,20,164
2589,10/26/2021,Individual,0,0,0,594
2590,10/26/2021,PET (20),37,25,18,164
2591,10/26/2021,PET (4),37,82,18,164
2592,10/26/2021,tOPS,0,32,20,164
2593,10/27/2021,Fixed (20),0,8,30,71
2594,10/27/2021,Fixed (4),0,34,12,71
2595,10/27/2021,Hist Prev (20),0,20,12,71
2596,10/27/2021,Hist Prev (4),0,34,12,71
2597,10/27/2021,Individual,0,0,0,204
2598,10/27/2021,PET (20),12,8,12,72
2599,10/27/2021,PET (4),12,24,12,72
2600,10/27/2021,tOPS,0,14,12,71
2601,10/28/2021,Fixed (20),0,37,68,230
2602,10/28/2021,Fixed (4),0,173,20,230
2603,10/28/2021,Hist Prev (20),0,122,25,231
2604,10/28/2021,Hist Prev (4),0,173,20,230
2605,10/28/2021,Individual,0,0,0,919
2606,10/28/2021,PET (20),59,31,35,230
2607,10/28/2021,PET (4),59,127,19,231
2608,10/28/2021,tOPS,0,46,36,230
2609,10/29/2021,Fixed (20),0,15,40,58
2610,10/29/2021,Fixed (4),0,72,8,58
2611,10/29/2021,Hist Prev (20),0,38,8,58
2612,10/29/2021,Hist Prev (4),0,72,8,58
2613,10/29/2021,Individual,0,0,0,344
2614,10/29/2021,PET (20),25,16,7,57
2615,10/29/2021,PET (4),25,52,7,58
2616,10/29/2021,tOPS,0,19,14,57
