"","date","sample_source","total_samp","prev","Hist_prev","pos_count","neg_count"
"1","9/1/2021",15,440,0.029545455,0.32,15,425
"2","8/10/2020",5,371,0.021563342,0.32,10,361
"3","8/14/2020",5,346,0.005780347,0.021563342,2,344
"4","8/15/2020",5,615,0,0.013671845,0,615
"5","8/16/2020",5,917,0.002181025,0.009114563,2,915
"6","8/17/2020",5,719,0.001390821,0.007381179,1,718
"7","8/18/2020",5,1084,0.007380074,0.006183107,22,1062
"8","8/19/2020",5,749,0.002670227,0.006382601,3,746
"9","8/20/2020",5,1164,0.005154639,0.005852262,12,1152
"10","8/21/2020",5,1046,0.008604207,0.005765059,13,1033
"11","8/22/2020",5,891,0.008978676,0.00608052,26,865
"12","8/23/2020",5,662,0.001510574,0.006370336,1,661
"13","8/24/2020",5,280,0.021428571,0.005928539,7,273
"14","8/25/2020",5,332,0.027108434,0.007220209,16,316
"15","8/26/2020",5,80,0.1,0.008750072,11,69
"16","8/27/2020",5,83,0.060240964,0.015267924,7,76
"17","8/28/2020",5,111,0.108108108,0.018266127,14,97
"18","9/1/2020",5,174,0.091954023,0.022476471,19,155
"19","9/2/2020",5,67,0.089552239,0.026336335,12,55
"20","9/3/2020",5,129,0.062015504,0.029663488,8,121
"21","9/8/2020",5,540,0.081481481,0.053601037,57,483
"22","9/9/2020",5,255,0.070588235,0.05486833,19,236
"23","9/10/2020",5,128,0.078125,0.055551804,12,116
"24","9/11/2020",5,106,0.066037736,0.056492354,8,98
"25","9/14/2020",5,106,0.009433962,0.056874169,1,105
"26","9/15/2020",5,105,0.00952381,0.055049546,4,101
"27","9/16/2020",5,88,0.022727273,0.053363407,7,81
"28","9/17/2020",5,250,0.012,0.05226926,9,241
"29","9/21/2020",5,352,0.034090909,0.050880665,14,338
"30","9/22/2020",5,148,0.013513514,0.050321006,6,142
"31","9/23/2020",5,66,0.060606061,0.049133668,7,59
"32","9/24/2020",5,147,0.020408163,0.04949218,4,143
"33","9/25/2020",5,89,0.033707865,0.048610846,6,83
"34","9/28/2020",5,207,0.06763285,0.048172523,19,188
"35","9/29/2020",5,255,0.015686275,0.048728532,9,246
"36","9/30/2020",5,278,0.007194245,0.047810692,4,274
"37","10/1/2020",5,245,0.020408163,0.04671295,11,234
"38","10/2/2020",5,194,0.036082474,0.046020719,11,183
"39","10/5/2020",5,338,0.017751479,0.045765892,6,332
"40","10/6/2020",5,488,0.014344262,0.045065532,15,473
"41","10/7/2020",5,374,0.021390374,0.044316232,16,358
"42","10/8/2020",5,198,0.03030303,0.043770379,9,189
"43","10/9/2020",5,182,0.038461538,0.043457185,11,171
"44","10/12/2020",5,504,0.007936508,0.043343647,7,497
"45","10/14/2020",5,363,0.005509642,0.042556822,5,358
"46","10/15/2020",5,194,0.025773196,0.041751448,6,188
"47","10/16/2020",5,175,0.011428571,0.041411486,6,169
"48","10/19/2020",5,337,0.026706231,0.040786841,13,324
"49","10/20/2020",5,488,0.012295082,0.040499482,10,478
"50","10/21/2020",5,336,0.00297619,0.039935394,1,335
"51","10/22/2020",5,153,0.019607843,0.039210704,3,150
"52","10/23/2020",5,263,0.015209125,0.038833726,11,252
"53","10/27/2020",5,182,0,0.03767709,2,180
"54","10/28/2020",5,25,0,0.036992052,2,23
"55","10/30/2020",5,340,0.008823529,0.035694085,5,335
"56","11/3/2020",5,53,0,0.034633668,0,53
"57","11/6/2020",5,330,0.009090909,0.035319631,4,326
"58","11/10/2020",5,33,0.03030303,0.034342673,4,29
"59","11/13/2020",5,329,0.024316109,0.033240779,13,316
"60","11/15/2020",5,77,0,0.033107575,2,75
"61","11/17/2020",5,63,0,0.032147936,0,63
"62","11/20/2020",5,587,0.00681431,0.030808438,7,580
"63","11/24/2020",5,121,0,0.030067863,0,121
"64","12/1/2020",5,240,0,0.029666958,0,240
"65","12/2/2020",5,105,0,0.029276603,0,105
"66","12/3/2020",5,86,0,0.028896388,0,86
"67","12/4/2020",5,112,0,0.028525921,4,108
"68","12/8/2020",5,98,0,0.027469406,0,98
"69","12/9/2020",5,131,0,0.027134413,2,129
"70","12/10/2020",5,63,0.031746032,0.026807492,3,60
"71","12/11/2020",5,120,0,0.026866284,0,120
"72","12/13/2020",5,548,0.016423358,0.026550211,9,539
"73","12/14/2020",5,55,0.018181818,0.026432456,1,54
"74","12/15/2020",5,221,0.009049774,0.026337622,3,218
"75","12/16/2020",5,101,0.00990099,0.026141169,1,100
"76","12/17/2020",5,75,0.013333333,0.025958695,2,73
"77","12/18/2020",5,205,0.009756098,0.025818413,2,203
"78","12/21/2020",5,100,0.01,0.025641904,1,99
"79","1/6/2021",5,301,0.013289037,0.024929928,5,296
"80","1/7/2021",5,151,0.006622517,0.024807393,1,150
"81","1/8/2021",5,146,0.020547945,0.024617967,3,143
"82","1/11/2021",5,69,0.014492754,0.024576008,1,68
"83","1/12/2021",5,276,0,0.024473118,0,276
"84","1/13/2021",5,273,0.010989011,0.024225914,4,269
"85","1/14/2021",5,224,0.004464286,0.024093545,2,222
"86","1/15/2021",5,172,0.005813953,0.023899196,1,171
"87","1/17/2021",5,800,0.00875,0.02372189,11,789
"88","1/18/2021",5,970,0.009278351,0.023576532,11,959
"89","1/19/2021",5,956,0.009414226,0.023439049,10,946
"90","1/20/2021",5,947,0.012671595,0.023305479,13,934
"91","1/21/2021",5,760,0.017105263,0.02320516,14,746
"92","1/22/2021",5,271,0.014760148,0.023148151,5,266
"93","1/23/2021",5,236,0.004237288,0.023070485,1,235
"94","1/24/2021",5,680,0.002941176,0.022897703,4,676
"95","1/25/2021",5,476,0.004201681,0.02271628,4,472
"96","1/26/2021",5,515,0.031067961,0.022549482,22,493
"97","1/27/2021",5,148,0.013513514,0.02262554,3,145
"98","1/28/2021",5,285,0.063157895,0.022544902,93,192
"99","1/29/2021",5,281,0.014234875,0.022901157,5,276
"100","2/1/2021",5,184,0.010869565,0.022825798,2,182
"101","2/2/2021",5,501,0.011976048,0.022722727,7,494
"102","2/3/2021",5,520,0.026923077,0.022630875,17,503
"103","2/4/2021",5,321,0.00623053,0.022667249,3,318
"104","2/5/2021",5,508,0.027559055,0.022529126,16,492
"105","2/8/2021",5,188,0.021276596,0.022571042,7,181
"106","2/9/2021",5,488,0.026639344,0.022560344,13,475
"107","2/10/2021",5,462,0.041125541,0.022593778,22,440
"108","2/11/2021",5,367,0.027247956,0.022744443,10,357
"109","2/12/2021",5,429,0.06993007,0.022780762,32,397
"110","2/15/2021",5,247,0.052631579,0.023157956,17,230
"111","2/16/2021",5,481,0.008316008,0.023391874,4,477
"112","2/17/2021",5,490,0.040816327,0.023273166,25,465
"113","2/18/2021",5,680,0.033823529,0.023410222,25,655
"114","2/19/2021",5,235,0.017021277,0.023490945,4,231
"115","2/22/2021",5,650,0.038461538,0.023441179,27,623
"116","2/23/2021",5,731,0.027359781,0.023555838,23,708
"117","2/24/2021",5,859,0.027939464,0.023584656,26,833
"118","2/25/2021",5,569,0.043936731,0.023617399,33,536
"119","2/26/2021",5,632,0.041139241,0.023769035,27,605
"120","3/2/2021",5,108,0.037037037,0.023721985,4,104
"121","3/5/2021",5,695,0.031654676,0.023476453,24,671
"122","3/9/2021",5,85,0,0.023367955,0,85
"123","3/10/2021",5,55,0.018181818,0.023203392,1,54
"124","3/12/2021",5,757,0.014531044,0.023007386,17,740
"125","3/15/2021",5,88,0.022727273,0.022948928,2,86
"126","3/16/2021",5,62,0,0.02294741,0,62
"127","3/17/2021",5,88,0,0.022791305,0,88
"128","3/19/2021",5,729,0.008230453,0.022485382,7,722
"129","3/22/2021",5,94,0.021276596,0.022390349,2,92
"130","3/23/2021",5,61,0,0.022382973,0,61
"131","3/24/2021",5,33,0.03030303,0.022235716,1,32
"132","3/26/2021",5,793,0.013871375,0.022143714,13,780
"133","3/29/2021",5,94,0,0.022090344,0,94
"134","3/31/2021",5,30,0,0.021808938,0,30
"135","4/1/2021",5,510,0.009803922,0.021670907,6,504
"136","4/2/2021",5,758,0.006596306,0.021596272,9,749
"137","4/5/2021",5,366,0.00273224,0.021502522,1,365
"138","4/6/2021",5,542,0.005535055,0.021385936,5,537
"139","4/7/2021",5,565,0.001769912,0.021288091,1,564
"140","4/8/2021",5,575,0.003478261,0.021168348,2,573
"141","4/9/2021",5,784,0.00127551,0.021060482,2,782
"142","4/12/2021",5,389,0.007712082,0.020940573,3,386
"143","4/13/2021",5,722,0.001385042,0.020860883,1,721
"144","4/14/2021",5,780,0.003846154,0.020744261,3,777
"145","4/15/2021",5,724,0.006906077,0.020643677,5,719
"146","4/16/2021",5,473,0.00422833,0.02056239,4,469
"147","4/19/2021",5,409,0.004889976,0.020466307,2,407
"148","4/20/2021",5,738,0.001355014,0.020375217,2,736
"149","4/21/2021",5,694,0.002881844,0.020264635,5,689
"150","4/22/2021",5,600,0.005,0.020164156,3,597
"151","4/23/2021",5,208,0,0.020077006,0,208
"152","4/26/2021",5,363,0.011019284,0.01996228,6,357
"153","4/27/2021",5,187,0.010695187,0.019911468,2,185
"154","4/28/2021",5,427,0.00234192,0.019859398,1,426
"155","4/30/2021",5,136,0,0.019760985,1,135
"156","5/3/2021",5,121,0,0.019650589,0,121
"157","5/4/2021",5,96,0.010416667,0.019541419,1,95
"158","5/5/2021",5,84,0.035714286,0.019491006,3,81
"159","5/6/2021",5,64,0,0.019580145,0,64
"160","5/7/2021",5,30,0,0.01947315,0,30
"161","5/10/2021",5,53,0,0.019367317,0,53
"162","5/11/2021",5,62,0.016129032,0.019262629,1,61
"163","5/12/2021",5,58,0,0.019245782,0,58
"164","5/13/2021",5,45,0,0.019142863,0,45
"165","5/14/2021",5,67,0,0.019041039,0,67
"166","5/25/2021",5,44,0,0.018452141,0,44
"167","5/26/2021",5,36,0,0.018357515,0,36
"168","5/27/2021",5,25,0,0.018263854,0,25
"169","6/1/2021",5,41,0,0.018079371,0,41
"170","6/8/2021",5,44,0.022727273,0.017721363,1,43
"171","6/9/2021",5,38,0,0.017746023,0,38
"172","6/10/2021",5,42,0,0.017659033,0,42
"173","6/15/2021",5,40,0,0.017487586,0,40
"174","6/22/2021",5,33,0,0.017236568,0,33
"175","6/24/2021",5,31,0,0.017073188,0,31
"176","6/25/2021",5,36,0,0.016992654,0,36
"177","6/29/2021",5,32,0,0.016912876,0,32
"178","7/7/2021",5,35,0,0.017753192,0,35
"179","7/8/2021",5,26,0,0.017671755,2,24
"180","7/9/2021",5,28,0,0.017591062,0,28
"181","7/13/2021",5,56,0,0.017511103,0,56
"182","7/20/2021",5,27,0,0.017570429,0,27
"183","7/21/2021",5,63,0,0.017492338,3,60
"184","7/22/2021",5,31,0,0.017414938,0,31
"185","7/27/2021",5,33,0,0.017262175,1,32
"186","8/4/2021",5,31,0,0.016891743,0,31
"187","8/5/2021",5,28,0,0.016819556,0,28
"188","8/6/2021",5,38,0,0.016747983,0,38
"189","8/10/2021",5,70,0.014285714,0.016677017,1,69
"190","8/11/2021",5,25,0,0.016666927,0,25
"191","8/12/2021",5,131,0,0.016596898,0,131
"192","8/17/2021",5,147,0.006802721,0.01645859,1,146
"193","8/18/2021",5,66,0,0.016418525,0,66
"194","8/19/2021",5,57,0,0.01635068,0,57
"195","8/20/2021",5,69,0,0.016283393,0,69
"196","8/23/2021",5,73,0,0.016216658,0,73
"197","8/24/2021",5,422,0.007109005,0.016150467,3,419
"198","8/25/2021",5,285,0.003508772,0.016113713,2,283
"199","8/26/2021",5,333,0.006006006,0.016062681,2,331
"200","8/27/2021",5,347,0.002881844,0.01602213,1,346
"201","8/30/2021",5,397,0.017632242,0.015969358,9,388
"202","8/31/2021",5,638,0.006269592,0.015976009,6,632
"203","9/1/2021",5,1837,0.026673925,0.015937338,54,1783
"204","9/2/2021",5,467,0.040685225,0.015979944,19,448
"205","9/3/2021",5,551,0.00907441,0.016077593,6,545
"206","9/7/2021",5,413,0.01937046,0.016050022,8,405
"207","9/8/2021",5,419,0.019093079,0.016063043,10,409
"208","9/9/2021",5,575,0.003478261,0.016074879,2,573
"209","9/10/2021",5,658,0.015197568,0.016025865,11,647
"210","9/13/2021",5,656,0.006097561,0.016022654,7,649
"211","9/14/2021",5,469,0.004264392,0.015984334,2,467
"212","9/15/2021",5,429,0.006993007,0.015939257,4,425
"213","9/16/2021",5,489,0.00408998,0.01590498,2,487
"214","9/17/2021",5,404,0.014851485,0.015859885,7,397
"215","9/20/2021",5,461,0.006507592,0.01585605,3,458
"216","9/21/2021",5,465,0,0.01582064,1,464
"217","9/22/2021",5,339,0,0.015760939,1,338
"218","9/23/2021",5,256,0.01171875,0.015701687,3,253
"219","9/24/2021",5,360,0,0.01568677,1,359
"220","9/27/2021",5,447,0.011185682,0.015628237,8,439
"221","9/28/2021",5,431,0.002320186,0.015611722,1,430
"222","9/29/2021",5,393,0.007633588,0.015562494,3,390
"223","9/30/2021",5,484,0.004132231,0.015533236,2,482
"224","10/1/2021",5,404,0.00990099,0.015491321,6,398
"225","10/4/2021",5,210,0,0.015470843,0,210
"226","10/5/2021",5,395,0,0.015414381,0,395
"227","10/6/2021",5,280,0,0.015358328,0,280
"228","10/7/2021",5,374,0.002673797,0.015302682,1,373
"229","10/8/2021",5,299,0.003344482,0.015257091,1,298
"230","10/11/2021",5,330,0,0.015214239,0,330
"231","10/12/2021",5,357,0,0.015159708,0,357
"232","10/13/2021",5,295,0,0.015105566,0,295
"233","10/14/2021",5,545,0.001834862,0.01505181,1,544
"234","10/15/2021",5,281,0,0.015004941,0,281
"235","10/18/2021",5,151,0.013245033,0.01495192,2,149
"236","10/19/2021",5,538,0,0.01494591,0,538
"237","10/20/2021",5,100,0,0.014893468,0,100
"238","10/21/2021",5,346,0.002890173,0.014841393,1,345
"239","10/22/2021",5,295,0,0.014799751,0,295
"240","10/25/2021",5,299,0.003344482,0.014748363,1,298
"241","10/26/2021",5,380,0,0.014708903,0,380
"242","10/27/2021",5,103,0,0.014658183,0,103
"243","10/28/2021",5,344,0.002906977,0.014607811,1,343
"244","10/29/2021",5,246,0,0.01456774,0,246
"245","6/25/2021",11,53,0,0.052777778,0,53
"246","8/13/2021",11,52,0.230769231,0.089583333,16,36
"247","8/27/2021",11,37,0,0.094230769,0,37
"248","8/4/2020",3,254,0.007874016,0.32,7,247
"249","8/11/2020",3,106,0.009433962,0.007874016,1,105
"250","2/4/2021",3,492,0.012195122,0.008653989,11,481
"251","1/17/2021",8,66,0.03030303,0.32,2,64
"252","3/5/2021",8,178,0.101123596,0.03030303,21,157
"253","8/31/2021",13,119,0.25210084,0.172064355,32,87
"254","9/9/2021",13,138,0.036231884,0.168890981,5,133
"255","9/15/2021",13,50,0.02,0.154189698,2,48
"256","9/16/2021",13,61,0.032786885,0.150123343,2,59
"257","9/17/2021",13,52,0.038461538,0.146672271,2,50
"258","9/22/2021",13,75,0.013333333,0.138822429,1,74
"259","9/24/2021",13,100,0.04,0.13204521,4,96
"260","9/29/2021",13,103,0,0.12974408,0,103
"261","10/1/2021",13,77,0.012987013,0.12657959,1,76
"262","10/6/2021",13,172,0.005813953,0.125062505,1,171
"263","10/14/2021",13,211,0,0.117203493,0,211
"264","10/20/2021",13,207,0,0.113613303,0,207
"265","10/28/2021",13,231,0,0.111005156,0,231
"266","9/20/2021",10,54,0.222222222,0.136050061,12,42
"267","9/27/2021",10,67,0.089552239,0.151818014,6,61
"268","10/4/2021",10,49,0.081632653,0.150402883,7,42
"269","10/18/2021",10,35,0.228571429,0.139569989,9,26
"270","9/9/2020",7,40,0,0.32,0,40
"271","6/3/2021",14,40,0,0.32,0,40
"272","9/8/2020",6,25,0,0.32,0,25
"273","9/11/2020",6,106,0.028301887,0,3,103
"274","5/28/2021",6,25,0.24,0.080715057,6,19
"275","10/1/2021",6,111,0.108108108,0.215536293,13,98
"276","10/11/2021",6,53,0.188679245,0.283239845,10,43
"277","8/6/2020",4,158,0.03164557,0.32,6,152
"278","8/7/2020",4,24,0,0.03164557,0,24
"279","8/13/2020",4,170,0.005882353,0.015822785,1,169
"280","8/27/2020",4,353,0.147308782,0.009381981,57,296
"281","9/2/2020",4,309,0.142394822,0.036967341,58,251
"282","9/9/2020",4,244,0.114754098,0.054538588,29,215
"283","9/10/2020",4,114,0,0.063140804,0,114
"284","9/15/2020",4,254,0.086614173,0.055248203,23,231
"285","9/16/2020",4,217,0.078341014,0.058733311,21,196
"286","9/23/2020",4,144,0.048611111,0.060694081,7,137
"287","9/29/2020",4,232,0,0.082407105,0,232
"288","9/30/2020",4,131,0.007633588,0.076068097,2,129
"289","10/7/2020",4,283,0.017667845,0.06643459,9,274
"290","10/14/2020",4,137,0,0.056343705,1,136
"291","10/21/2020",4,275,0.003636364,0.053378247,1,274
"292","10/22/2020",4,70,0,0.050891153,1,69
"293","11/13/2020",4,52,0.115384615,0.048467764,7,45
"294","11/19/2020",4,28,0,0.071009029,0,28
"295","12/2/2020",4,124,0,0.068050319,0,124
"296","12/3/2020",4,70,0.042857143,0.065328307,3,67
"297","12/10/2020",4,55,0,0.064464031,0,55
"298","12/13/2020",4,222,0,0.062076474,0,222
"299","3/5/2021",4,45,0.066666667,0.055583152,7,38
"300","4/14/2021",4,1083,0.077562327,0.087191664,96,987
"301","4/28/2021",4,520,0.013461538,0.082327436,8,512
"302","5/6/2021",4,87,0.057471264,0.084815974,5,82
"303","7/27/2020",1,46,0.065217391,0.32,3,43
"304","7/28/2020",1,133,0.015037594,0.065217391,2,131
"305","7/29/2020",1,180,0.027777778,0.040127493,5,175
"306","7/31/2020",1,195,0.066666667,0.027008191,13,182
"307","8/3/2020",1,103,0.13592233,0.034939886,26,77
"308","8/4/2020",1,228,0.043859649,0.051770293,14,214
"309","8/5/2020",1,156,0.083333333,0.050640201,18,138
"310","8/7/2020",1,173,0.023121387,0.048646082,4,169
"311","8/10/2020",1,69,0.420289855,0.046093613,32,37
"312","8/11/2020",1,284,0.112676056,0.080111453,32,252
"313","8/12/2020",1,60,0.066666667,0.08282517,5,55
"314","8/13/2020",1,179,0.033519553,0.081582208,6,173
"315","8/14/2020",1,137,0.131386861,0.078149161,19,118
"316","8/17/2020",1,40,0,0.081698341,0,40
"317","8/18/2020",1,68,0.014705882,0.076592195,2,66
"318","8/19/2020",1,51,0,0.072951824,0,51
"319","8/20/2020",1,127,0.141732283,0.068898945,31,96
"320","8/21/2020",1,137,0.087591241,0.072732278,14,123
"321","8/22/2020",1,43,0.348837209,0.073475226,19,24
"322","8/25/2020",1,144,0.166666667,0.086587702,25,119
"323","8/26/2020",1,41,0.073170732,0.090227655,5,36
"324","8/27/2020",1,106,0.169811321,0.089486049,23,83
"325","8/28/2020",1,121,0.05785124,0.092832936,7,114
"326","8/31/2020",1,38,0.078947368,0.091433668,5,33
"327","9/2/2020",1,115,0.060869565,0.08758478,11,104
"328","9/3/2020",1,157,0.159235669,0.086630665,32,125
"329","9/4/2020",1,146,0.047945205,0.089134286,9,137
"330","9/8/2020",1,185,0.016216216,0.087761317,3,182
"331","9/9/2020",1,61,0.081967213,0.08545341,5,56
"332","9/10/2020",1,75,0.12,0.085344467,9,66
"333","9/11/2020",1,103,0.019417476,0.086394634,3,100
"334","9/15/2020",1,45,0.111111111,0.082012583,5,40
"335","9/16/2020",1,45,0.088888889,0.082820876,9,36
"336","9/17/2020",1,142,0.112676056,0.082984876,18,124
"337","9/22/2020",1,54,0.12962963,0.081618371,7,47
"338","9/23/2020",1,51,0.039215686,0.082818652,3,48
"339","9/24/2020",1,42,0.023809524,0.081755165,5,37
"340","9/25/2020",1,67,0.059701493,0.080375507,5,62
"341","9/28/2020",1,54,0.074074074,0.079894716,4,50
"342","10/1/2020",1,64,0.015625,0.079762429,1,63
"343","10/2/2020",1,113,0.044247788,0.078337153,5,108
"344","10/5/2020",1,54,0,0.07759608,0,54
"345","10/9/2020",1,104,0.019230769,0.073721727,2,102
"346","10/14/2020",1,155,0.064516129,0.07606379,14,141
"347","10/16/2020",1,112,0.017857143,0.084858023,6,106
"348","10/19/2020",1,94,0.053191489,0.083639825,5,89
"349","10/20/2020",1,32,0.125,0.083096105,5,27
"350","10/21/2020",1,96,0.020833333,0.083831261,4,92
"351","10/23/2020",1,93,0.11827957,0.085862404,14,79
"352","10/26/2020",1,48,0.270833333,0.08640269,16,32
"353","10/27/2020",1,45,0.088888889,0.089426144,4,41
"354","10/28/2020",1,181,0.055248619,0.089417478,16,165
"355","10/30/2020",1,67,0.014925373,0.08830881,1,66
"356","11/2/2020",1,72,0.069444444,0.087179834,6,66
"357","11/3/2020",1,95,0,0.086911116,0,95
"358","11/4/2020",1,34,0.117647059,0.085613935,5,29
"359","11/5/2020",1,73,0.02739726,0.086085011,4,69
"360","11/6/2020",1,64,0.0625,0.085234464,4,60
"361","11/9/2020",1,53,0.056603774,0.084909685,3,50
"362","11/10/2020",1,82,0.195121951,0.084511011,18,64
"363","11/11/2020",1,68,0.029411765,0.086047274,6,62
"364","11/12/2020",1,65,0.030769231,0.085271445,3,62
"365","11/13/2020",1,97,0.06185567,0.084534928,6,91
"366","11/15/2020",1,40,0.025,0.084232538,2,38
"367","11/16/2020",1,76,0.065789474,0.083453163,6,70
"368","11/17/2020",1,112,0.366071429,0.083223764,47,65
"369","11/18/2020",1,126,0.063492063,0.086850016,8,118
"370","11/19/2020",1,101,0.03960396,0.086554346,6,95
"371","11/20/2020",1,293,0.150170648,0.085967466,57,236
"372","11/23/2020",1,107,0.242990654,0.086760098,27,80
"373","11/24/2020",1,99,0.131313131,0.088665349,16,83
"374","11/25/2020",1,49,0.020408163,0.089179178,1,48
"375","11/30/2020",1,40,0.075,0.088360475,3,37
"376","12/1/2020",1,136,0.110294118,0.088203293,17,119
"377","12/2/2020",1,110,0.118181818,0.088460163,21,89
"378","12/4/2020",1,124,0.112903226,0.08779268,14,110
"379","12/5/2020",1,65,0.092307692,0.088074821,7,58
"380","12/7/2020",1,64,0.0625,0.088121853,4,60
"381","12/8/2020",1,115,0.095652174,0.087840294,11,104
"382","12/9/2020",1,102,0.117647059,0.087925206,13,89
"383","12/10/2020",1,147,0.129251701,0.088244796,25,122
"384","12/11/2020",1,80,0.025,0.088681039,2,78
"385","12/13/2020",1,31,0,0.088010712,0,31
"386","12/14/2020",1,31,0.129032258,0.087093934,5,26
"387","12/15/2020",1,142,0.14084507,0.087526288,22,120
"388","12/16/2020",1,73,0.150684932,0.088070357,12,61
"389","12/17/2020",1,113,0.044247788,0.088702828,5,108
"390","12/18/2020",1,129,0.069767442,0.088258277,9,120
"391","12/21/2020",1,48,0.083333333,0.0880752,4,44
"392","12/22/2020",1,133,0.097744361,0.088028711,19,114
"393","12/23/2020",1,72,0.041666667,0.088123038,3,69
"394","12/30/2020",1,126,0.214285714,0.087401553,31,95
"395","12/31/2020",1,42,0.095238095,0.088598573,5,37
"396","1/4/2021",1,51,0.098039216,0.088660625,6,45
"397","1/5/2021",1,41,0.048780488,0.088747464,2,39
"398","1/6/2021",1,60,0.2,0.088380794,14,46
"399","1/7/2021",1,44,0.022727273,0.089395514,1,43
"400","1/8/2021",1,103,0.27184466,0.0887949,32,71
"401","1/11/2021",1,74,0.121621622,0.090429272,9,65
"402","1/12/2021",1,77,0.116883117,0.090705311,9,68
"403","1/13/2021",1,106,0.113207547,0.090934941,13,93
"404","1/14/2021",1,76,0.131578947,0.091128616,10,66
"405","1/15/2021",1,98,0.081632653,0.091477325,9,89
"406","1/17/2021",1,132,0.598484848,0.091393183,84,48
"407","1/19/2021",1,40,0.025,0.103289809,1,39
"408","1/20/2021",1,169,0.142011834,0.102637394,25,144
"409","1/21/2021",1,39,0.128205128,0.102962802,5,34
"410","1/22/2021",1,78,0.076923077,0.103169707,6,72
"411","1/25/2021",1,80,0.15,0.103470113,12,68
"412","1/26/2021",1,54,0.074074074,0.103842352,4,50
"413","1/27/2021",1,55,0.145454545,0.103606095,8,47
"414","1/29/2021",1,85,0.082352941,0.104425697,8,77
"415","2/2/2021",1,44,0.045454545,0.103452632,2,42
"416","2/4/2021",1,52,0.134615385,0.104394023,8,44
"417","2/5/2021",1,114,0.043859649,0.104621251,6,108
"418","2/8/2021",1,66,0.045454545,0.104167806,4,62
"419","2/10/2021",1,52,0.096153846,0.103705446,6,46
"420","2/11/2021",1,66,0.03030303,0.103650324,2,64
"421","2/12/2021",1,61,0.06557377,0.103118822,5,56
"422","2/17/2021",1,26,0.076923077,0.10211408,2,24
"423","2/18/2021",1,39,0.076923077,0.101935421,3,36
"424","2/19/2021",1,31,0.032258065,0.101759277,3,28
"425","2/22/2021",1,33,0.060606061,0.101273255,2,31
"426","2/24/2021",1,27,0.185185185,0.100921315,5,22
"427","2/26/2021",1,58,0.017241379,0.101854571,2,56
"428","3/1/2021",1,32,0,0.10128286,0,32
"429","3/3/2021",1,45,0,0.099932422,0,45
"430","3/5/2021",1,62,0.016129032,0.10013574,1,61
"431","3/10/2021",1,41,0.024390244,0.098594943,1,40
"432","3/12/2021",1,58,0.051724138,0.098202022,3,55
"433","3/16/2021",1,60,0.066666667,0.097292086,5,55
"434","3/17/2021",1,38,0.078947368,0.097100677,6,32
"435","3/19/2021",1,53,0.075471698,0.096389232,5,48
"436","3/22/2021",1,35,0.142857143,0.096260904,5,30
"437","3/24/2021",1,29,0,0.096825707,0,29
"438","3/26/2021",1,42,0.071428571,0.09624242,3,39
"439","3/29/2021",1,33,0.03030303,0.096093834,1,32
"440","4/5/2021",1,38,0.026315789,0.097117231,1,37
"441","4/9/2021",1,28,0.071428571,0.095343634,2,26
"442","4/12/2021",1,49,0.163265306,0.09520852,8,41
"443","4/13/2021",1,27,0.074074074,0.095590862,2,25
"444","4/14/2021",1,32,0.09375,0.095470656,3,29
"445","4/16/2021",1,29,0.068965517,0.094933688,2,27
"446","4/19/2021",1,37,0.027027027,0.094791005,1,36
"447","4/22/2021",1,25,0.04,0.09441346,1,24
"448","4/26/2021",1,47,0.021276596,0.093850098,1,46
"449","4/28/2021",1,75,0.12,0.09296955,16,59
"450","5/3/2021",1,41,0.048780488,0.093079588,2,39
"451","5/5/2021",1,28,0,0.092848864,0,28
"452","5/7/2021",1,32,0.03125,0.09228817,1,31
"453","5/10/2021",1,48,0,0.091975154,0,48
"454","5/20/2021",1,41,0,0.090224651,0,41
"455","5/25/2021",1,39,0.025641026,0.089335739,1,38
"456","6/8/2021",1,43,0.023255814,0.087231861,1,42
"457","6/15/2021",1,38,0,0.085710031,0,38
"458","6/23/2021",1,43,0,0.084137369,0,43
"459","7/13/2021",1,41,0,0.083188362,0,41
"460","7/20/2021",1,36,0.027777778,0.08175408,1,35
"461","7/27/2021",1,37,0.081081081,0.080909849,3,34
"462","8/3/2021",1,59,0.033898305,0.080362152,2,57
"463","8/9/2021",1,78,0.102564103,0.079509526,8,70
"464","8/10/2021",1,28,0.321428571,0.079604012,9,19
"465","8/13/2021",1,33,0.121212121,0.079938492,4,29
"466","8/20/2021",1,51,0.039215686,0.079533439,5,46
"467","8/24/2021",1,50,0.08,0.07937408,5,45
"468","8/25/2021",1,29,0.172413793,0.079376544,7,22
"469","8/27/2021",1,82,0.195121951,0.080173954,18,64
"470","8/31/2021",1,34,0.147058824,0.081139302,6,28
"471","9/2/2021",1,28,0.214285714,0.081780065,6,22
"472","9/3/2021",1,73,0.205479452,0.082287749,19,54
"473","9/8/2021",1,57,0.175438596,0.082986461,10,47
"474","9/9/2021",1,74,0.081081081,0.083336658,6,68
"475","9/10/2021",1,79,0.075949367,0.083328147,7,72
"476","9/13/2021",1,32,0,0.083300407,0,32
"477","9/14/2021",1,72,0.027777778,0.08298842,2,70
"478","9/15/2021",1,44,0.136363636,0.08278241,7,37
"479","9/16/2021",1,83,0.060240964,0.082981597,5,78
"480","9/17/2021",1,228,0.087719298,0.082897373,22,206
"481","9/21/2021",1,139,0.122302158,0.08261033,21,118
"482","9/22/2021",1,81,0.12345679,0.082755722,11,70
"483","9/23/2021",1,125,0.08,0.082904266,11,114
"484","9/24/2021",1,158,0.044303797,0.082893705,8,150
"485","9/28/2021",1,59,0.186440678,0.082455136,11,48
"486","9/29/2021",1,45,0.044444444,0.082829185,4,41
"487","9/30/2021",1,56,0.053571429,0.082691605,5,51
"488","10/1/2021",1,121,0.090909091,0.082587604,14,107
"489","10/5/2021",1,51,0.078431373,0.083033469,5,46
"490","10/6/2021",1,24,0,0.083017207,0,24
"491","10/7/2021",1,30,0,0.082724893,0,30
"492","10/8/2021",1,68,0.073529412,0.08243463,5,63
"493","10/13/2021",1,26,0.153846154,0.082116373,4,22
"494","10/14/2021",1,39,0.025641026,0.082365435,1,38
"495","10/15/2021",1,59,0.033898305,0.082169157,3,56
"496","10/19/2021",1,53,0.094339623,0.082002705,6,47
"497","10/20/2021",1,32,0.03125,0.0820451,1,31
"498","10/21/2021",1,27,0.37037037,0.081871144,12,15
"499","10/22/2021",1,78,0.102564103,0.082855783,8,70
"500","10/26/2021",1,50,0.12,0.082922819,6,44
"501","10/27/2021",1,30,0.133333333,0.083048504,4,26
"502","10/29/2021",1,41,0.024390244,0.083274889,2,39
"503","7/27/2020",2,27,0.074074074,0.32,2,25
"504","7/29/2020",2,261,0.053639847,0.074074074,14,247
"505","7/30/2020",2,44,0.045454545,0.06385696,2,42
"506","8/4/2020",2,27,0.037037037,0.12662545,1,26
"507","8/12/2020",2,30,0,0.060393204,0,30
"508","8/14/2020",2,392,0.028061224,0.049412622,18,374
"509","8/15/2020",2,25,0,0.047633338,0,25
"510","8/19/2020",2,120,0.016666667,0.040828576,2,118
"511","8/20/2020",2,62,0.016129032,0.039217782,1,61
"512","8/25/2020",2,39,0,0.033577542,0,39
"513","9/15/2020",2,29,0,0.085676828,1,28
"514","9/16/2020",2,56,0.089285714,0.08291306,8,48
"515","9/17/2020",2,32,0.125,0.083112205,5,27
"516","9/23/2020",2,27,0.074074074,0.085274016,2,25
"517","9/24/2020",2,96,0.125,0.084962907,15,81
"518","10/22/2020",2,45,0.044444444,0.090949231,2,43
"519","10/28/2020",2,43,0.11627907,0.096492022,7,36
"520","11/6/2020",2,39,0.076923077,0.105049482,3,36
"521","11/18/2020",2,42,0.19047619,0.099231264,8,34
"522","1/13/2021",2,107,0.112149533,0.100724756,14,93
"523","1/20/2021",2,48,0.083333333,0.097457908,4,44
"524","1/27/2021",2,56,0.232142857,0.09518573,16,40
"525","2/17/2021",2,27,0.148148148,0.08848767,4,23
"526","2/24/2021",2,123,0.008130081,0.086564282,1,122
"527","4/7/2021",2,27,0,0.078830732,0,27
"528","9/14/2021",2,25,0,0.060941618,0,25
"529","9/15/2021",2,122,0.073770492,0.06059338,10,112
"530","9/17/2021",2,39,0.128205128,0.06066825,6,33
"531","9/21/2021",2,28,0,0.061049815,0,28
"532","9/22/2021",2,131,0.076335878,0.060706838,13,118
"533","9/29/2021",2,153,0.124183007,0.060794151,21,132
"534","10/1/2021",2,38,0.289473684,0.061146311,12,26
"535","10/6/2021",2,78,0.076923077,0.063438515,6,72
"536","10/13/2021",2,45,0.022222222,0.063167026,2,43
"537","10/15/2021",2,46,0.065217391,0.062607285,3,43
"538","10/20/2021",2,26,0.038461538,0.061958584,1,25
"539","10/28/2021",2,66,0,0.061190802,0,66
"540","6/25/2021",9,144,0,0.071508967,0,144
"541","9/3/2021",9,80,0,0.087860145,0,80
"542","10/21/2021",9,39,0.051282051,0.090579151,2,37
"543","10/28/2021",9,48,0.104166667,0.091490135,5,43
"544","3/5/2021",12,79,0.012658228,0.233333333,1,78
